pmid	year	title	journal	doi	host_phylum	host_class
21782018	2011	Marine organisms as a therapeutic source against herpes simplex virus infection.	European journal of pharmaceutical sciences : official journal of the European Federation for Pharmaceutical Sciences	10.1016/j.ejps.2011.07.005	Porifera	Demospongiae
25115578	2014	Antiadhesive activity of poly-hydroxy butyrate biopolymer from a marine Brevibacterium casei MSI04 against shrimp pathogenic vibrios.	Microbial cell factories	10.1186/s12934-014-0114-3	Porifera	Malacostraca
25230484	2014	Host behavior alters spiny lobster-viral disease dynamics: a simulation study.	Ecology	10.1890/13-0118.1	Porifera	Demospongiae
35893660	2022	A Novel Iridovirus Discovered in Deep-Sea Carnivorous Sponges.	Viruses	10.3390/v14081595	Porifera	Malacostraca, Maxillopoda
36420513	2021	Different expression pattern of thrombospondin gene in the presence and absence of β-glucan fed 	Fish and shellfish immunology reports	10.1016/j.fsirep.2021.100020	Porifera	Malacostraca
36549581	2023	Transcriptome-based insights into the regulatory role of immune-responsive circular RNAs in Litopanaeus vannamei upon WSSV infection.	Fish & shellfish immunology	10.1016/j.fsi.2022.108499	Porifera	Malacostraca
10398144	1999	Thrombospondin-1 inhibits Kaposi's sarcoma (KS) cell and HIV-1 Tat-induced angiogenesis and is poorly expressed in KS lesions.	The Journal of pathology	10.1002/(SICI)1096-9896(199905)188:1<76::AID-PATH312>3.0.CO;2-A	Porifera	Demospongiae
10494957	1999	Production of influenza virus in serum-free mammalian cell cultures.	Developments in biological standardization		Porifera	Demospongiae
10580083	1999	Origin of the interferon-inducible (2'-5')oligoadenylate synthetases: cloning of the (2'-5')oligoadenylate synthetase from the marine sponge Geodia cydonium.	FEBS letters	10.1016/s0014-5793(99)01478-7	Porifera	Demospongiae
10650083	2000	Chemistry of sponges. 19. Novel bioactive metabolites from Hamigera tarangaensis.	Journal of natural products	10.1021/np9903494	Porifera	Demospongiae
10699070	2000	Viral vector delivery in solid-state vehicles: gene expression in a murine prostate cancer model.	Journal of the National Cancer Institute	10.1093/jnci/92.5.403	Porifera	Demospongiae
10716009	1999	Women's attitudes to condoms and female-controlled means of protection against HIV and STDs in south-western Uganda.	AIDS care	10.1080/09540129947596	Porifera	Demospongiae
10726360	2000	A gelatin sponge implantation model in swine for the determination of local immune reactions.	Berliner und Munchener tierarztliche Wochenschrift		Porifera	Demospongiae
10726938	2000	An acceptability study of female-controlled methods of protection against HIV and STDs in south-western Uganda.	International journal of STD & AIDS	10.1258/0956462001915606	Porifera	Demospongiae
10853021	2000	Distinct chemotactic and angiogenic activities of peptides derived from Kaposi's sarcoma virus encoded chemokines.	International journal of oncology	10.3892/ijo.17.1.75	Porifera	Demospongiae
10869210	2000	A new bioactive sesterterpene and antiplasmodial alkaloids from the marine sponge hyrtios cf. erecta.	Journal of natural products	10.1021/np990555b	Porifera	Demospongiae
11078823	2000	Rat sponge implant model: a new system for evaluating angiogenic gene transfer.	International journal of molecular medicine	10.3892/ijmm.6.6.645	Porifera	Demospongiae
11081741	2000	Adhesion of a viral envelope protein to a non-self-binding domain of the aggregation factor in the marine sponge Microciona prolifera.	The Biological bulletin	10.2307/1542903	Porifera	Demospongiae
11119105	2000	Biomarker distribution after injection into the canine prostate: implications for gene therapy.	BJU international	10.1046/j.1464-410x.2000.00865.x	Porifera	Demospongiae
11268286	2001	Cochlear gene delivery through an intact round window membrane in mouse.	Human gene therapy	10.1089/104303401300042465	Porifera	Demospongiae
11395764	2001	Self-assembly of regular hollow icosahedra in salt-free catanionic solutions.	Nature	10.1038/35079541	Porifera	Demospongiae
11481526	2001	Pagetoid dyskeratosis of the lips.	The American Journal of dermatopathology	10.1097/00000372-200108000-00010	Porifera	Demospongiae
11482346	2001	Nonviral gene therapy and its delivery systems.	Current pharmaceutical biotechnology	10.2174/1389201013378770	Porifera	Demospongiae
11718949	2001	Towards synthetic viruses.	Advanced drug delivery reviews	10.1016/s0169-409x(01)00213-7	Porifera	Demospongiae
11720531	2001	Clathsterol, a novel anti-HIV-1 RT sulfated sterol from the sponge Clathria species.	Journal of natural products	10.1021/np010121s	Porifera	Demospongiae
11853691	2002	Selective inhibition of the activities of both eukaryotic DNA polymerases and DNA topoisomerases by elenic acid.	Biochemical pharmacology	10.1016/s0006-2952(01)00891-7	Porifera	Demospongiae
11858754	2002	Cytotoxic effect (on tumor cells) and in vitro antiviral activity against herpes simplex virus of synthetic spongiane diterpenes.	Journal of natural products	10.1021/np010206t	Porifera	Demospongiae
11879196	2002	Mode of inhibition of HIV-1 reverse transcriptase by polyacetylenetriol, a novel inhibitor of RNA- and DNA-directed DNA polymerases.	The Biochemical journal	10.1042/0264-6021:3620685	Porifera	Demospongiae
12142084	2002	Polyacetylenes from a marine sponge Petrosia sp. inhibit DNA replication at the level of initiation.	Cancer letters	10.1016/s0304-3835(02)00233-1	Porifera	Demospongiae
12153016	2002	Detection, quantitation and identification of enteroviruses from surface waters and sponge tissue from the Florida Keys using real-time RT-PCR.	Water research	10.1016/s0043-1354(01)00479-1	Porifera	Demospongiae
12339516	1983	Investigators unable to substantiate suspected link between sponge, TSS.	Contraceptive technology update		Porifera	Demospongiae
12430864	2002	Role of NKT cells and alpha-galactosyl ceramide.	International journal of hematology	10.1007/BF03165262	Porifera	Demospongiae
12444675	2002	Microbial and chemical transformation studies of the bioactive marine sesquiterpenes (S)-(+)-curcuphenol and -curcudiol isolated from a deep reef collection of the Jamaican sponge Didiscus oxeata.	Journal of natural products	10.1021/np020213x	Porifera	Demospongiae
12797539	2003	Correlates of IL-10 and IL-12 concentrations in cervical secretions.	Journal of clinical immunology	10.1023/a:1023305827971	Porifera	Demospongiae
12841931	2003	Polycation gene delivery systems: escape from endosomes to cytosol.	The Journal of pharmacy and pharmacology	10.1211/002235703765951311	Porifera	Demospongiae
12901435	2003	Novel poly(ethylene glycol) derivatives with carboxylic acid pendant groups: synthesis and their protection and enhancing effect on non-viral gene transfection systems.	Journal of biomaterials science. Polymer edition	10.1163/15685620360674227	Porifera	Demospongiae
12944394	2003	Chloride accumulation and swelling in endosomes enhances DNA transfer by polyamine-DNA polyplexes.	The Journal of biological chemistry	10.1074/jbc.M308643200	Porifera	Demospongiae
1315429	1992	Human papillomavirus type 16 DNA in oral white sponge nevus.	Oral surgery, oral medicine, and oral pathology	10.1016/0030-4220(92)90329-o	Porifera	Demospongiae
1315532	1992	Marine sponge polyketide inhibitors of protein tyrosine kinase.	Biochemical and biophysical research communications	10.1016/0006-291x(92)90656-6	Porifera	Demospongiae
1320133	1992	Efficacy of nonoxynol 9 contraceptive sponge use in preventing heterosexual acquisition of HIV in Nairobi prostitutes.	JAMA		Porifera	Demospongiae
1324982	1992	Fistularin 3 and 11-ketofistularin 3. Feline leukemia virus active bromotyrosine metabolites from the marine sponge Aplysina archeri.	Journal of natural products	10.1021/np50082a020	Porifera	Demospongiae
13252180	1955	Visualization of Egypt 101 virus in the mouse's brain and in cultured human carcinoma cells by means of fluorescent antibody.	The Journal of experimental medicine	10.1084/jem.102.3.243	Porifera	Demospongiae
13367330	1956	Association of a new type of cytopathogenic myxovirus with infantile croup.	The Journal of experimental medicine	10.1084/jem.104.4.555	Porifera	Demospongiae
1431940	1992	Brominated polyacetylenic acids from the marine sponge Xestospongia muta: inhibitors of HIV protease.	Journal of natural products	10.1021/np50087a002	Porifera	Demospongiae
14529524	2003	Natural products with anti-HIV activity from marine organisms.	Current topics in medicinal chemistry	10.2174/1568026033451790	Porifera	Demospongiae
14583033	2003	Manadomanzamines A and B: a novel alkaloid ring system with potent activity against mycobacteria and HIV-1.	Journal of the American Chemical Society	10.1021/ja030087z	Porifera	Demospongiae
14644588	2003	Efficient gene delivery by urocanic acid-modified chitosan.	Journal of controlled release : official journal of the Controlled Release Society	10.1016/j.jconrel.2003.08.017	Porifera	Demospongiae
15246369	2004	Monitoring the effect of PEGylation on polyethylenimine in vivo using nuclear imaging technique.	Nuclear medicine and biology	10.1016/j.nucmedbio.2004.03.006	Porifera	Demospongiae
15480439	2004	Traditional and Modern Biomedical Prospecting: Part II-the Benefits: Approaches for a Sustainable Exploitation of Biodiversity (Secondary Metabolites and Biomaterials from Sponges).	Evidence-based complementary and alternative medicine : eCAM	10.1093/ecam/neh030	Porifera	Demospongiae
15632022	2005	CARP, a cardiac ankyrin repeat protein, is up-regulated during wound healing and induces angiogenesis in experimental granulation tissue.	The American journal of pathology	10.1016/S0002-9440(10)62254-7	Porifera	Demospongiae
15825646	2003	Sorbicillactone A: a structurally unprecedented bioactive novel-type alkaloid from a sponge-derived fungus.	Progress in molecular and subcellular biology	10.1007/978-3-642-55519-0_9	Porifera	Demospongiae
16142357	2005	Mechanism of cell cycle arrest by (8E,13Z,20Z)-strobilinin/(7E,13Z,20Z)-felixinin from a marine sponge Psammocinia sp.	Oncology reports		Porifera	Demospongiae
16176456	2005	Recombinant adenovirus-p21 attenuates proliferative responses associated with excessive scarring.	Wound repair and regeneration : official publication of the Wound Healing Society [and] the European Tissue Repair Society	10.1111/j.1067-1927.2005.00068.x	Porifera	Demospongiae
16394526	2006	In vitro antiviral activity of marine sponges collected off Brazilian coast.	Biological & pharmaceutical bulletin	10.1248/bpb.29.135	Porifera	Demospongiae
16418982	2006	Disinfection of needleless catheter connectors and access ports with alcohol may not prevent microbial entry: the promise of a novel antiseptic-barrier cap.	Infection control and hospital epidemiology	10.1086/500280	Porifera	Demospongiae
16549937	2006	Efficacy of gene transfer through the round window membrane: an in vitro model.	ORL; journal for oto-rhino-laryngology and its related specialties	10.1159/000092123	Porifera	Demospongiae
16584349	2006	Fabrication of cultured oral gingiva by tissue engineering techniques without materials of animal origin.	Journal of periodontology	10.1902/jop.2006.050223	Porifera	Demospongiae
16620957	2006	Combination of 3D tissue engineered scaffold and non-viral gene carrier enhance in vitro DNA expression of mesenchymal stem cells.	Biomaterials	10.1016/j.biomaterials.2006.02.033	Porifera	Demospongiae
16793514	2006	Asteropine A, a sialidase-inhibiting conotoxin-like peptide from the marine sponge Asteropus simplex.	Chemistry & biology	10.1016/j.chembiol.2006.05.010	Porifera	Demospongiae
16806732	2006	Bird flu, influenza and 1918: the case for mutant Avian tuberculosis.	Medical hypotheses	10.1016/j.mehy.2006.05.002	Porifera	Demospongiae
16818729	2006	CD1d ligands: the good, the bad, and the ugly.	Journal of immunology (Baltimore, Md. : 1950)	10.4049/jimmunol.177.2.769	Porifera	Demospongiae
16895476	2006	Development of a red-shifted fluorescence-based assay for SARS-coronavirus 3CL protease: identification of a novel class of anti-SARS agents from the tropical marine sponge Axinella corrugata.	Biological chemistry	10.1515/BC.2006.131	Porifera	Demospongiae
16927121	2007	PCR-based detection and partial genome sequencing indicate high genetic diversity in Bangladeshi begomoviruses and their whitefly vector, Bemisia tabaci.	Virus genes	10.1007/s11262-006-0027-2	Porifera	Demospongiae
17113300	2007	Physicochemical and biological study of selected hydrophobic polyethylenimine-based polycationic liposomes and their complexes with DNA.	Bioorganic & medicinal chemistry	10.1016/j.bmc.2006.10.066	Porifera	Demospongiae
17140562	2007	Ilimaquinone, a marine sponge metabolite, displays anticancer activity via GADD153-mediated pathway.	European journal of pharmacology	10.1016/j.ejphar.2006.10.061	Porifera	Demospongiae
17285480	2007	The alkaloid 4-methylaaptamine isolated from the sponge Aaptos aaptos impairs Herpes simplex virus type 1 penetration and immediate-early protein synthesis.	Planta medica	10.1055/s-2007-967109	Porifera	Demospongiae
17401137	2007	Prostaglandin E2-EP4 receptor promotes endothelial cell migration via ERK activation and angiogenesis in vivo.	The Journal of biological chemistry	10.1074/jbc.M701214200	Porifera	Demospongiae
17548137	2007	A single intranasal immunization with inactivated influenza virus and alpha-galactosylceramide induces long-term protective immunity without redirecting antigen to the central nervous system.	Vaccine	10.1016/j.vaccine.2007.04.081	Porifera	Demospongiae
17827738	2007	Low-molecular-weight polyethylenimine enhanced gene transfer by cationic cholesterol-based nanoparticle vector.	Biological & pharmaceutical bulletin	10.1248/bpb.30.1773	Porifera	Demospongiae
17854897	2008	The 2'-5'-oligoadenylate synthetase in the lowest metazoa: isolation, cloning, expression and functional activity in the sponge Lubomirskia baicalensis.	Molecular immunology	10.1016/j.molimm.2007.07.036	Porifera	Demospongiae
17943714	2008	Hyrtiosal, from the marine sponge Hyrtios erectus, inhibits HIV-1 integrase binding to viral DNA by a new inhibitor binding site.	ChemMedChem	10.1002/cmdc.200700223	Porifera	Demospongiae
17945472	2008	Cell line-dependent internalization pathways and intracellular trafficking determine transfection efficiency of nanoparticle vectors.	European journal of pharmaceutics and biopharmaceutics : official journal of Arbeitsgemeinschaft fur Pharmazeutische Verfahrenstechnik e.V	10.1016/j.ejpb.2007.09.002	Porifera	Demospongiae
18436522	2008	Efficient inhibition of cisplatin-resistant human ovarian cancer growth and prolonged survival by gene transferred vesicular stomatitis virus matrix protein in nude mice.	Annals of oncology : official journal of the European Society for Medical Oncology	10.1093/annonc/mdn167	Porifera	Demospongiae
18475244	2008	Comparison of lentiviral and adenoviral gene therapy for spinal fusion in rats.	Spine	10.1097/BRS.0b013e3181761003	Porifera	Demospongiae
18477817	2008	Efficient gene delivery using chitosan-polyethylenimine hybrid systems.	Biomedical materials (Bristol, England)	10.1088/1748-6041/3/2/025013	Porifera	Demospongiae
18600149	2008	The effects of lentiviral gene therapy with bone morphogenetic protein-2-producing bone marrow cells on spinal fusion in rats.	Journal of spinal disorders & techniques	10.1097/BSD.0b013e31814cf51d	Porifera	Demospongiae
18721070	2008	Non-viral delivery of the gene for glial cell line-derived neurotrophic factor to mesenchymal stem cells in vitro via a collagen scaffold.	Tissue engineering. Part C, Methods	10.1089/ten.tec.2008.0168	Porifera	Demospongiae
18787962	2008	Establishment and quantitative imaging of a 3D lung organotypic model of mammary tumor outgrowth.	Clinical & experimental metastasis	10.1007/s10585-008-9206-y	Porifera	Demospongiae
19059640	2009	Non-viral endostatin plasmid transfection of mesenchymal stem cells via collagen scaffolds.	Biomaterials	10.1016/j.biomaterials.2008.10.020	Porifera	Demospongiae
19060941	2008	[New furano- and pyrrolo[2,3-d]pyrimidine nucleosides and their 5'-triphosphates: synthesis and biological properties].	Bioorganicheskaia khimiia	10.1134/s1068162008050099	Porifera	Demospongiae
19149592	2009	Marine sponges: potential sources of new antimicrobial drugs.	Current pharmaceutical biotechnology	10.2174/138920109787048625	Porifera	Demospongiae
19239276	2009	Cytosolic delivery mediated via electrostatic surface binding of protein, virus, or siRNA cargos to pH-responsive core-shell gel particles.	Biomacromolecules	10.1021/bm801199z	Porifera	Demospongiae
19263508	2009	Isolation of a sulphated polysaccharide from a recently discovered sponge species (Celtodoryx girardae) and determination of its anti-herpetic activity.	International journal of biological macromolecules	10.1016/j.ijbiomac.2009.01.002	Porifera	Demospongiae
19325841	2008	MicroRNA: An emerging therapeutic target and intervention tool.	International journal of molecular sciences	10.3390/ijms9060978	Porifera	Demospongiae
19459843	2009	Chemical vectors for gene delivery: a current review on polymers, peptides and lipids containing histidine or imidazole as nucleic acids carriers.	British journal of pharmacology	10.1111/j.1476-5381.2009.00288.x	Porifera	Demospongiae
19464054	2009	Gene transfer efficiency of high primary amine content, hydrophobic, alkyl-oligoamine derivatives of polyethylenimine.	Biomaterials	10.1016/j.biomaterials.2009.04.036	Porifera	Demospongiae
19609263	2009	Exploiting and antagonizing microRNA regulation for therapeutic and experimental applications.	Nature reviews. Genetics	10.1038/nrg2628	Porifera	Demospongiae
19664664	2009	Distribution and molecular diversity of three cucurbit-infecting poleroviruses in China.	Virus research	10.1016/j.virusres.2009.07.017	Porifera	Demospongiae
19759154	2009	Reticuloendotheliosis virus strain T induces miR-155, which targets JARID2 and promotes cell survival.	Journal of virology	10.1128/JVI.01182-09	Porifera	Demospongiae
197886	1977	Antiviral activity of arabinosylthymine in herpesviral replication: mechanism of action in vivo and in vitro.	Antimicrobial agents and chemotherapy	10.1128/AAC.12.2.243	Porifera	Demospongiae
19815662	2010	Comparison of nasopharyngeal nylon flocked swabs with universal transport medium and rayon-bud swabs with a sponge reservoir of viral transport medium in the diagnosis of paediatric influenza.	Journal of medical microbiology	10.1099/jmm.0.015305-0	Porifera	Demospongiae
20411126	2010	Cyclodepsipeptides from marine sponges: natural agents for drug research.	Marine drugs	10.3390/md8030810	Porifera	Demospongiae
20624681	2010	Baculiferins A-O, O-sulfated pyrrole alkaloids with anti-HIV-1 activity, from the Chinese marine sponge Iotrochota baculifera.	Bioorganic & medicinal chemistry	10.1016/j.bmc.2010.06.052	Porifera	Demospongiae
20864166	2010	Multilayered polyplexes with the endosomal buffering polycation in the core and the cell uptake-favorable polycation in the outer layer for enhanced gene delivery.	Biomaterials	10.1016/j.biomaterials.2010.08.066	Porifera	Demospongiae
20937476	2010	Emerging roles for natural microRNA sponges.	Current biology : CB	10.1016/j.cub.2010.08.052	Porifera	Demospongiae
21116410	2010	Antiviral lead compounds from marine sponges.	Marine drugs	10.3390/md8102619	Porifera	Demospongiae
21195767	2011	Structural characterization and anti-HIV-1 activities of arginine/glutamate-rich polypeptide Luffin P1 from the seeds of sponge gourd (Luffa cylindrica).	Journal of structural biology	10.1016/j.jsb.2010.12.007	Porifera	Demospongiae
21339952	2011	Sulfated polysaccharides in marine sponges: extraction methods and anti-HIV activity.	Marine drugs	10.3390/md9010139	Porifera	Demospongiae
21347566	2011	Effective gene delivery to mesenchymal stem cells based on the reverse transfection and three-dimensional cell culture system.	Pharmaceutical research	10.1007/s11095-011-0390-0	Porifera	Demospongiae
2160320	1990	Calyculin A, an inhibitor of protein phosphatases, a potent tumor promoter on CD-1 mouse skin.	Cancer research		Porifera	Demospongiae
21605903	2011	Novel model of placental tissue explants infected by cytomegalovirus reveals different permissiveness in early and term placentae and inhibition of indoleamine 2,3-dioxygenase activity.	Placenta	10.1016/j.placenta.2011.04.016	Porifera	Demospongiae
21611182	2011	miR-132 mediates the integration of newborn neurons into the adult dentate gyrus.	PloS one	10.1371/journal.pone.0019077	Porifera	Demospongiae
21752532	2011	The effect of pH on PAMAM dendrimer-siRNA complexation: endosomal considerations as determined by molecular dynamics simulation.	Biophysical chemistry	10.1016/j.bpc.2011.06.003	Porifera	Demospongiae
21998663	2011	Replication of Epstein-Barr virus primary infection in human tonsil tissue explants.	PloS one	10.1371/journal.pone.0025490	Porifera	Demospongiae
22013049	2012	Kaposi's sarcoma-associated herpesvirus-encoded microRNA miR-K12-11 attenuates transforming growth factor beta signaling through suppression of SMAD5.	Journal of virology	10.1128/JVI.06245-11	Porifera	Demospongiae
22072992	2011	New tetromycin derivatives with anti-trypanosomal and protease inhibitory activities.	Marine drugs	10.3390/md9101682	Porifera	Demospongiae
22153867	2012	Suppression of tumor growth in H-ras12V liver cancer mice by delivery of programmed cell death protein 4 using galactosylated poly(ethylene glycol)-chitosan-graft-spermine.	Biomaterials	10.1016/j.biomaterials.2011.11.024	Porifera	Demospongiae
22195833	2011	Multiscale molecular modeling and rational design of polymer based gene delivery vectors.	Journal of controlled release : official journal of the Controlled Release Society	10.1016/j.jconrel.2011.08.072	Porifera	Demospongiae
22289263	2012	Protein expression following non-viral delivery of plasmid DNA coding for basic FGF and BMP-2 in a rat ectopic model.	Biomaterials	10.1016/j.biomaterials.2012.01.031	Porifera	Demospongiae
22353042	2012	A comparison of therapeutic efficacy of a melamine foam sponge and conventional cotton wool bud in the cryotherapy of viral warts: a paired comparison study.	Pediatric dermatology	10.1111/j.1525-1470.2011.01707.x	Porifera	Demospongiae
22394195	2012	Inhibition of hepatitis C virus NS3 helicase by manoalide.	Journal of natural products	10.1021/np200883s	Porifera	Demospongiae
22487178	2012	Pyronepolyene C-glucosides with NF-κB inhibitory and anti-influenza A viral (H1N1) activities from the sponge-associated fungus Epicoccum sp. JJY40.	Bioorganic & medicinal chemistry letters	10.1016/j.bmcl.2012.03.044	Porifera	Demospongiae
22591855	2012	Targeting of polyplex to human hepatic cells by bio-nanocapsules, hepatitis B virus surface antigen L protein particles.	Bioorganic & medicinal chemistry	10.1016/j.bmc.2012.04.031	Porifera	Demospongiae
22648524	2012	Branched and linear poly(ethylene imine)-based conjugates: synthetic modification, characterization, and application.	Chemical Society reviews	10.1039/c2cs35146c	Porifera	Demospongiae
2268105	1990	Partial splenic embolization. An effective alternative to splenectomy for hypersplenism.	The American surgeon		Porifera	Demospongiae
22709591	2012	Elucidating the pre- and post-nuclear intracellular processing of 1,4-dihydropyridine based gene delivery carriers.	Journal of controlled release : official journal of the Controlled Release Society	10.1016/j.jconrel.2012.06.013	Porifera	Demospongiae
22817991	2012	An analog of the natural steroidal alkaloid cortistatin A potently suppresses Tat-dependent HIV transcription.	Cell host & microbe	10.1016/j.chom.2012.05.016	Porifera	Demospongiae
22902729	2012	Evidence of bacteriophage-mediated horizontal transfer of bacterial 16S rRNA genes in the viral metagenome of the marine sponge Hymeniacidon perlevis.	Microbiology (Reading, England)	10.1099/mic.0.057943-0	Porifera	Demospongiae
229795	1979	Clones of cells from a human embryo lung: their growth and susceptibility to respiratory viruses.	Archives of virology	10.1007/BF01320593	Porifera	Demospongiae
23087952	1993	Idiopathic leukoplakia lingualis.	General dentistry		Porifera	Demospongiae
23114118	2012	[Construction of miRNA sponge targeting miR-20a and stable expression in Jurkat leukemia cell line].	Zhongguo shi yan xue ye xue za zhi		Porifera	Demospongiae
23144928	2012	Inhibition of both protease and helicase activities of hepatitis C virus NS3 by an ethyl acetate extract of marine sponge Amphimedon sp.	PloS one	10.1371/journal.pone.0048685	Porifera	Demospongiae
23226833	2012	Bone regeneration by polyhedral microcrystals from silkworm virus.	Scientific reports	10.1038/srep00935	Porifera	Demospongiae
23249752	2013	Potent microRNA suppression by RNA Pol II-transcribed 'Tough Decoy' inhibitors.	RNA (New York, N.Y.)	10.1261/rna.034850.112	Porifera	Demospongiae
23386367	2013	A neutral envelope-type nanoparticle containing pH-responsive and SS-cleavable lipid-like material as a carrier for plasmid DNA.	Advanced healthcare materials	10.1002/adhm.201200431	Porifera	Demospongiae
23509296	2013	Critical role of miR-9 in myelopoiesis and EVI1-induced leukemogenesis.	Proceedings of the National Academy of Sciences of the United States of America	10.1073/pnas.1302645110	Porifera	Demospongiae
23628828	2013	Antiviral activity of Bacillus sp. isolated from the marine sponge Petromica citrina against bovine viral diarrhea virus, a surrogate model of the hepatitis C virus.	Viruses	10.3390/v5051219	Porifera	Demospongiae
23796834	2013	Acid-cleavable ketal containing poly(β-amino ester) for enhanced siRNA delivery.	International journal of pharmaceutics	10.1016/j.ijpharm.2013.06.021	Porifera	Demospongiae
23985748	2014	Shotgun metagenomics indicates novel family A DNA polymerases predominate within marine virioplankton.	The ISME journal	10.1038/ismej.2013.124	Porifera	Demospongiae
23987737	2013	Conducting nanosponge electroporation for affordable and high-efficiency disinfection of bacteria and viruses in water.	Nano letters	10.1021/nl402053z	Porifera	Demospongiae
24023888	2013	miR-206 represses hypertrophy of myogenic cells but not muscle fibers via inhibition of HDAC4.	PloS one	10.1371/journal.pone.0073589	Porifera	Demospongiae
24063184	2013	[Technical study on inactivating/removing virus in collagen sponge].	Zhongguo xiu fu chong jian wai ke za zhi = Zhongguo xiufu chongjian waike zazhi = Chinese journal of reparative and reconstructive surgery		Porifera	Demospongiae
24089558	2013	Hepatitis B virus inhibits apoptosis of hepatoma cells by sponging the MicroRNA 15a/16 cluster.	Journal of virology	10.1128/JVI.02130-13	Porifera	Demospongiae
24112539	2013	MicroRNA-21 promotes hepatocellular carcinoma HepG2 cell proliferation through repression of mitogen-activated protein kinase-kinase 3.	BMC cancer	10.1186/1471-2407-13-469	Porifera	Demospongiae
24120041	2014	The effect of serum in culture on RNAi efficacy through modulation of polyplexes size.	Biomaterials	10.1016/j.biomaterials.2013.09.102	Porifera	Demospongiae
24172213	2013	Anti HSV-1 activity of halistanol sulfate and halistanol sulfate C isolated from Brazilian marine sponge Petromica citrina (Demospongiae).	Marine drugs	10.3390/md11114176	Porifera	Demospongiae
24184000	2014	Polyxylitol-based gene carrier improves the efficiency of gene transfer through enhanced endosomal osmolysis.	Nanomedicine : nanotechnology, biology, and medicine	10.1016/j.nano.2013.10.005	Porifera	Demospongiae
24210824	2013	Changes in cellular mRNA stability, splicing, and polyadenylation through HuR protein sequestration by a cytoplasmic RNA virus.	Cell reports	10.1016/j.celrep.2013.10.012	Porifera	Demospongiae
24298383	2013	The effect of cationic charge density change on transfection efficiency of polyethylenimine.	Iranian journal of basic medical sciences		Porifera	Demospongiae
24383692	2001	"""Inverse wrap"": an improved implantation technique for virus-transduced synovial fibroblasts in the SCID mouse model for rheumatoid arthritis."	Modern rheumatology	10.3109/s101650170027	Porifera	Demospongiae
24451087	2013	HIV Infection is associated with compositional and functional shifts in the rectal mucosal microbiota.	Microbiome	10.1186/2049-2618-1-26	Porifera	Demospongiae
24451189	2014	Identification and biochemical characterization of halisulfate 3 and suvanine as novel inhibitors of hepatitis C virus NS3 helicase from a marine sponge.	Marine drugs	10.3390/md12010462	Porifera	Demospongiae
24647143	2014	Molecular archaeology of Flaviviridae untranslated regions: duplicated RNA structures in the replication enhancer of flaviviruses and pestiviruses emerged via convergent evolution.	PloS one	10.1371/journal.pone.0092056	Porifera	Demospongiae
24699145	2014	PBDE: structure-activity studies for the inhibition of hepatitis C virus NS3 helicase.	Molecules (Basel, Switzerland)	10.3390/molecules19044006	Porifera	Demospongiae
24761996	2014	Scalable spheroid model of human hepatocytes for hepatitis C infection and replication.	Molecular pharmaceutics	10.1021/mp500063y	Porifera	Demospongiae
24859534	2015	Using artificial microRNA sponges to achieve microRNA loss-of-function in cancer cells.	Advanced drug delivery reviews	10.1016/j.addr.2014.05.010	Porifera	Demospongiae
24889658	2014	Bioengineered silk gene delivery system for nuclear targeting.	Macromolecular bioscience	10.1002/mabi.201400113	Porifera	Demospongiae
24992036	2014	G3BP1, G3BP2 and CAPRIN1 are required for translation of interferon stimulated mRNAs and are targeted by a dengue virus non-coding RNA.	PLoS pathogens	10.1371/journal.ppat.1004242	Porifera	Demospongiae
25031339	2014	Epstein-Barr virus EBNA1 protein regulates viral latency through effects on let-7 microRNA and dicer.	Journal of virology	10.1128/JVI.01785-14	Porifera	Demospongiae
25118104	2015	Sesquiterpenoids and xanthones derivatives produced by sponge-derived fungus Stachybotry sp. HH1 ZSDS1F1-2.	The Journal of antibiotics	10.1038/ja.2014.97	Porifera	Demospongiae
25233339	2014	Sponging of cellular proteins by viral RNAs.	Current opinion in virology	10.1016/j.coviro.2014.09.001	Porifera	Demospongiae
25323562	2015	Trans-arterial p53-gene-embolization with gelatin sponge microparticles for hepatocellular carcinoma with BCLC stage B: single-center experience.	Cell biochemistry and biophysics	10.1007/s12013-014-0167-2	Porifera	Demospongiae
25377467	2015	Hepatitis C virus represses the cellular antiviral response by upregulating the expression of signal transducer and activator of transcription 3 through sponging microRNA‑122.	Molecular medicine reports	10.3892/mmr.2014.2897	Porifera	Demospongiae
25436097	2014	Inhibiting the oncogenic mir-221 by microRNA sponge: toward microRNA-based therapeutics for hepatocellular carcinoma.	Gastroenterology and hepatology from bed to bench		Porifera	Demospongiae
25482337	2014	Interfacing polymeric scaffolds with primary pancreatic ductal adenocarcinoma cells to develop 3D cancer models.	Biomatter	10.4161/21592527.2014.955386	Porifera	Demospongiae
25540364	2015	Hepatitis B virus regulates apoptosis and tumorigenesis through the microRNA-15a-Smad7-transforming growth factor beta pathway.	Journal of virology	10.1128/JVI.02784-14	Porifera	Demospongiae
25648689	2015	NKT cell activation by local α-galactosylceramide administration decreases susceptibility to HSV-2 infection.	Immunobiology	10.1016/j.imbio.2014.12.019	Porifera	Demospongiae
25763028	2014	Occurrence and molecular characterization of Cucumber green mottle mosaic virus in cucurbit crops of KPK, Pakistan.	Brazilian journal of microbiology : [publication of the Brazilian Society for Microbiology]	10.1590/s1517-83822014000400015	Porifera	Demospongiae
25768906	2015	Hepatitis C virus RNA functionally sequesters miR-122.	Cell	10.1016/j.cell.2015.02.025	Porifera	Demospongiae
25932669	2015	PREVALENCE AND CHARACTERISTICS OF ESCHERICHIA COLI AND SALMONELLA SPP. IN THE FECES OF WILD URBAN NORWAY AND BLACK RATS (RATTUS NORVEGICUS AND RATTUS RATTUS) FROM AN INNER-CITY NEIGHBORHOOD OF VANCOUVER, CANADA.	Journal of wildlife diseases	10.7589/2014-09-242	Porifera	Demospongiae
25999710	2015	Effective small interfering RNA delivery in vitro via a new stearylated cationic peptide.	International journal of nanomedicine	10.2147/IJN.S79306	Porifera	Demospongiae
26026304	2015	Efficient RNA delivery by integrin-targeted glutathione responsive polyethyleneimine capped gold nanorods.	Acta biomaterialia	10.1016/j.actbio.2015.05.028	Porifera	Demospongiae
26035716	2015	Immobilization of FLAG-Tagged Recombinant Adeno-Associated Virus 2 onto Tissue Engineering Scaffolds for the Improvement of Transgene Delivery in Cell Transplants.	PloS one	10.1371/journal.pone.0129013	Porifera	Demospongiae
26039736	2015	Bisthiodiketopiperazines and Acorane Sesquiterpenes Produced by the Marine-Derived Fungus Penicillium adametzioides AS-53 on Different Culture Media.	Journal of natural products	10.1021/acs.jnatprod.5b00102	Porifera	Malacostraca, Branchiopoda
26061629	2015	Behavioral Immunity Suppresses an Epizootic in Caribbean Spiny Lobsters.	PloS one	10.1371/journal.pone.0126374	Porifera	Demospongiae
26161389	2015	miR-451a Inhibited Cell Proliferation and Enhanced Tamoxifen Sensitive in Breast Cancer via Macrophage Migration Inhibitory Factor.	BioMed research international	10.1155/2015/207684	Porifera	Demospongiae
26197270	2015	Cellular MicroRNA Let-7a Suppresses KSHV Replication through Targeting MAP4K4 Signaling Pathways.	PloS one	10.1371/journal.pone.0132148	Porifera	Demospongiae
26198082	2016	Streptomycin affinity depends on 13 amino acids forming a loop in homology modelled ribosomal S12 protein (rpsL gene) of Lysinibacillus sphaericus DSLS5 associated with marine sponge (Tedania anhelans).	Journal of biomolecular structure & dynamics	10.1080/07391102.2015.1073633	Porifera	Demospongiae
26198235	2015	Functional and Structural Characterization of FAU Gene/Protein from Marine Sponge Suberites domuncula.	Marine drugs	10.3390/md13074179	Porifera	Demospongiae
26409216	2016	Hepatitis B virus-human chimeric transcript HBx-LINE1 promotes hepatic injury via sequestering cellular microRNA-122.	Journal of hepatology	10.1016/j.jhep.2015.09.013	Porifera	Demospongiae
26424084	2015	miRSponge: a manually curated database for experimentally supported miRNA sponges and ceRNAs.	Database : the journal of biological databases and curation	10.1093/database/bav098	Porifera	Demospongiae
26577929	2016	Secondary metabolites extracted from marine sponge associated Comamonas testosteroni and Citrobacter freundii as potential antimicrobials against MDR pathogens and hypothetical leads for VP40 matrix protein of Ebola virus: an in vitro and in silico investigation.	Journal of biomolecular structure & dynamics	10.1080/07391102.2015.1094412	Porifera	Demospongiae
2660093	1989	Adolescent contraception: nonhormonal methods.	Pediatric clinics of North America	10.1016/s0031-3955(16)36693-7	Porifera	Demospongiae
26695874	2016	A Multi-RNAi Microsponge Platform for Simultaneous Controlled Delivery of Multiple Small Interfering RNAs.	Angewandte Chemie (International ed. in English)	10.1002/anie.201508978	Porifera	Demospongiae
26700765	2016	Type I IFN-Inducible Downregulation of MicroRNA-27a Feedback Inhibits Antiviral Innate Response by Upregulating Siglec1/TRIM27.	Journal of immunology (Baltimore, Md. : 1950)	10.4049/jimmunol.1502134	Porifera	Demospongiae
26704387	2016	The signaling module cAMP/Epac/Rap1/PLCε/IP3 mobilizes acrosomal calcium during sperm exocytosis.	Biochimica et biophysica acta	10.1016/j.bbamcr.2015.12.007	Porifera	Demospongiae
26821008	2016	Imidazole Alkaloids from the South China Sea Sponge Pericharax heteroraphis and Their Cytotoxic and Antiviral Activities.	Molecules (Basel, Switzerland)	10.3390/molecules21020150	Porifera	Demospongiae
26828387	2016	MicroRNA-221 sponge therapy attenuates neointimal hyperplasia and improves blood flows in vein grafts.	International journal of cardiology	10.1016/j.ijcard.2016.01.006	Porifera	Demospongiae
26861355	2016	Alkaloids from the Sponge Stylissa carteri Present Prospective Scaffolds for the Inhibition of Human Immunodeficiency Virus 1 (HIV-1).	Marine drugs	10.3390/md14020028	Porifera	Demospongiae
26884277	2016	Elucidating the role of free polycations in gene knockdown by siRNA polyplexes.	Acta biomaterialia	10.1016/j.actbio.2016.02.021	Porifera	Demospongiae
26929250	2016	Application of HIF-1α by gene therapy enhances angiogenesis and osteogenesis in alveolar bone defect regeneration.	The journal of gene medicine	10.1002/jgm.2876	Porifera	Demospongiae
27120728	2016	microRNA-25 Inhibits Cell Apoptosis of Human Gastric Adenocarcinoma Cell Line AGS via Regulating CCNE1 and MYC.	Medical science monitor : international medical journal of experimental and clinical research	10.12659/msm.896118	Porifera	Demospongiae
27144573	2016	Bioprospecting Sponge-Associated Microbes for Antimicrobial Compounds.	Marine drugs	10.3390/md14050087	Porifera	Demospongiae
27210312	2016	Hepatitis B virus inhibits intrinsic RIG-I and RIG-G immune signaling via inducing miR146a.	Scientific reports	10.1038/srep26150	Porifera	Demospongiae
27417524	2017	Range of pathologies diagnosed using a minimally invasive capsule sponge to evaluate patients with reflux symptoms.	Histopathology	10.1111/his.13039	Porifera	Demospongiae
27428982	2016	Austalides S-U, New Meroterpenoids from the Sponge-Derived Fungus Aspergillus aureolatus HDN14-107.	Marine drugs	10.3390/md14070131	Porifera	Demospongiae
27447204	2017	Discovery and preliminary structure-activity relationship of the marine natural product manzamines as herpes simplex virus type-1 inhibitors.	Zeitschrift fur Naturforschung. C, Journal of biosciences	10.1515/znc-2016-0080	Porifera	Demospongiae
27470279	2016	The Anti-Rotaviral and Anti-Inflammatory Effects of 	Journal of microbiology and biotechnology	10.4014/jmb.1603.03079	Porifera	Demospongiae
27511896	2016	Quadrivalent Human Papillomavirus (HPV) Vaccine Induces HPV-Specific Antibodies in the Oral Cavity: Results From the Mid-Adult Male Vaccine Trial.	The Journal of infectious diseases	10.1093/infdis/jiw359	Porifera	Demospongiae
27698941	2016	Crucial Role of miR-433 in Regulating Cardiac Fibrosis.	Theranostics	10.7150/thno.15007	Porifera	Demospongiae
27816406	2018	Two-layer sheet of gelatin: A new topical hemostatic agent.	Asian journal of surgery	10.1016/j.asjsur.2016.09.007	Porifera	Demospongiae
27872706	2016	Alkyl cross-linked low molecular weight polypropyleneimine dendrimers as efficient gene delivery vectors.	Iranian journal of basic medical sciences		Porifera	Demospongiae
28038763	2017	Removal of human pathogenic viruses in a down-flow hanging sponge (DHS) reactor treating municipal wastewater and health risks associated with utilization of the effluent for agricultural irrigation.	Water research	10.1016/j.watres.2016.10.054	Porifera	Demospongiae
28323040	2017	Machine learning-based identification of endogenous cellular microRNA sponges against viral microRNAs.	Methods (San Diego, Calif.)	10.1016/j.ymeth.2017.03.017	Porifera	Demospongiae
28414785	2017	The Epstein-Barr virus miR-BHRF1-1 targets RNF4 during productive infection to promote the accumulation of SUMO conjugates and the release of infectious virus.	PLoS pathogens	10.1371/journal.ppat.1006338	Porifera	Demospongiae
28426067	2017	Bioinspired peptosomes with programmed stimuli-responses for sequential drug release and high-performance anticancer therapy.	Nanoscale	10.1039/c7nr00598a	Porifera	Demospongiae
28465588	2017	Improved Analytical Sensitivity of Lateral Flow Assay using Sponge for HBV Nucleic Acid Detection.	Scientific reports	10.1038/s41598-017-01558-x	Porifera	Demospongiae
28487381	2017	Improved microRNA suppression by WPRE-linked tough decoy microRNA sponges.	RNA (New York, N.Y.)	10.1261/rna.061192.117	Porifera	Demospongiae
28493990	2017	MiR-338-3p regulates neuronal maturation and suppresses glioblastoma proliferation.	PloS one	10.1371/journal.pone.0177661	Porifera	Demospongiae
28510638	2017	α-Asarone suppresses the proliferation and migration of ASMCs through targeting the lncRNA-PVT1/miR-203a/E2F3 signal pathway in RSV-infected rats.	Acta biochimica et biophysica Sinica	10.1093/abbs/gmx048	Porifera	Demospongiae
28559888	2017	Transmission of 	Frontiers in microbiology	10.3389/fmicb.2017.00870	Porifera	Demospongiae
28580714	2017	Marine alkaloid oroidin analogues with antiviral potential: A novel class of synthetic compounds targeting the cellular chaperone Hsp90.	Chemical biology & drug design	10.1111/cbdd.13034	Porifera	Demospongiae
28589281	2017	Preparation and characterization of glass hollow fiber membrane for water purification applications.	Environmental science and pollution research international	10.1007/s11356-017-9405-7	Porifera	Demospongiae
28698179	2017	A Novel Regulatory Mechanism of Smooth Muscle α-Actin Expression by NRG-1/circACTA2/miR-548f-5p Axis.	Circulation research	10.1161/CIRCRESAHA.117.311441	Porifera	Demospongiae
28747838	2017	Evaluation of nasal fluid β-defensin 2 levels in children with allergic rhinitis.	Turk pediatri arsivi	10.5152/TurkPediatriArs.2017.4497	Porifera	Demospongiae
28770240	2017	Survey, symptomatology, transmission, host range and characterization of begomovirus associated with yellow mosaic disease of ridge gourd in southern India.	Virusdisease	10.1007/s13337-017-0376-6	Porifera	Demospongiae
28827084	2017	Inhibitory effects of metachromin A on hepatitis B virus production via impairment of the viral promoter activity.	Antiviral research	10.1016/j.antiviral.2017.08.001	Porifera	Demospongiae
28832193	2018	Salicylic acid derivatives and phenylspirodrimanes from the sponge-associated fungus Hansfordia sinuosae.	Journal of Asian natural products research	10.1080/10286020.2017.1367924	Porifera	Demospongiae
29038477	2017	Long non-coding HCG18 promotes intervertebral disc degeneration by sponging miR-146a-5p and regulating TRAF6 expression.	Scientific reports	10.1038/s41598-017-13364-6	Porifera	Demospongiae
29104497	2017	Adenovirus-Mediated Gene Transfer of microRNA-21 Sponge Inhibits Neointimal Hyperplasia in Rat Vein Grafts.	International journal of biological sciences	10.7150/ijbs.20254	Porifera	Demospongiae
29230098	2017	Circular RNAs: A novel type of non-coding RNA and their potential implications in antiviral immunity.	International journal of biological sciences	10.7150/ijbs.22531	Porifera	Demospongiae
29312205	2017	Comparative Metagenomics Reveals the Distinctive Adaptive Features of the 	Frontiers in microbiology	10.3389/fmicb.2017.02499	Porifera	Demospongiae
29329879	2018	MiR-134 modulates chronic stress-induced structural plasticity and depression-like behaviors via downregulation of Limk1/cofilin signaling in rats.	Neuropharmacology	10.1016/j.neuropharm.2018.01.009	Porifera	Demospongiae
29423087	2018	Design of miRNA sponges for MDV-1 as a therapeutic strategy against lymphomas.	Oncotarget	10.18632/oncotarget.23379	Porifera	Demospongiae
29486652	2018	Functional sequestration of microRNA-122 from Hepatitis C Virus by circular RNA sponges.	RNA biology	10.1080/15476286.2018.1435248	Porifera	Demospongiae
29643543	2018	[Airway foreign body caused by aspiration of artificial nasal sponge: a case report].	Beijing da xue xue bao. Yi xue ban = Journal of Peking University. Health sciences		Porifera	Demospongiae
29669786	2018	Rearrangement of the Protein Phosphatase 1 Interactome During Heart Failure Progression.	Circulation	10.1161/CIRCULATIONAHA.118.034361	Porifera	Demospongiae
29671336	2018	ViDiT-CACTUS: an inexpensive and versatile library preparation and sequence analysis method for virus discovery and other microbiology applications.	Canadian journal of microbiology	10.1139/cjm-2018-0097	Porifera	Demospongiae
29689569	2018	MicroRNA-223 Regulates Cardiac Fibrosis After Myocardial Infarction by Targeting RASA1.	Cellular physiology and biochemistry : international journal of experimental cellular physiology, biochemistry, and pharmacology	10.1159/000489185	Porifera	Demospongiae
29767639	2018	Pharmacokinetics and Pharmacodynamics of Tenofovir Reduced-Glycerin 1% Gel in the Rectal and Vaginal Compartments in Women: A Cross-Compartmental Study With Directly Observed Dosing.	Journal of acquired immune deficiency syndromes (1999)	10.1097/QAI.0000000000001655	Porifera	Demospongiae
29780367	2018	Expression of miR-34a in T-Cells Infected by Human T-Lymphotropic Virus 1.	Frontiers in microbiology	10.3389/fmicb.2018.00832	Porifera	Demospongiae
29859281	2018	The proton sponge hypothesis: Fable or fact?	European journal of pharmaceutics and biopharmaceutics : official journal of Arbeitsgemeinschaft fur Pharmazeutische Verfahrenstechnik e.V	10.1016/j.ejpb.2018.05.034	Porifera	Demospongiae
29912151	2018	Identification of a 3-Alkylpyridinium Compound from the Red Sea Sponge 	Molecules (Basel, Switzerland)	10.3390/molecules23061472	Porifera	Demospongiae
29979549	2016	[Construction of AalDV-3 Mediated mirRNA Sponge Delivery System and Its Effect on Cell and Larva of Aedes aegypti].	Bing du xue bao = Chinese journal of virology		Porifera	Demospongiae
30053026	2018	Modifying the Biogents Sentinel Trap to Increase the Longevity of Captured Aedes aegypti.	Journal of medical entomology	10.1093/jme/tjy125	Porifera	Demospongiae
30077121	2018	Truncateols O-V, further isoprenylated cyclohexanols from the sponge-associated fungus Truncatella angustata with antiviral activities.	Phytochemistry	10.1016/j.phytochem.2018.07.017	Porifera	Demospongiae
3009010	1986	Morphology and in vivo growth characteristics of an atypical murine proliferative osseous lesion induced in vitro.	Cancer research		Porifera	Demospongiae
30106304	2018	Anthranosides A-C, Anthranilate Derivatives from a Sponge-Derived Streptomyces sp. CMN-62.	Organic letters	10.1021/acs.orglett.8b02382	Porifera	Demospongiae
30131792	2018	Expressing MicroRNA 	Frontiers in microbiology	10.3389/fmicb.2018.01824	Porifera	Demospongiae
30183377	2019	MicroRNA-493 targets STMN-1 and promotes hypoxia-induced epithelial cell cycle arrest in G	FASEB journal : official publication of the Federation of American Societies for Experimental Biology	10.1096/fj.201701355RR	Porifera	Demospongiae
30216438	2019	LncRNA HOTAIR functions as a competing endogenous RNA to upregulate SIRT1 by sponging miR-34a in diabetic cardiomyopathy.	Journal of cellular physiology	10.1002/jcp.27296	Porifera	Demospongiae
30253276	2018	Rotavirus RNAs sponge host cell RNA binding proteins and interfere with their subcellular localization.	Virology	10.1016/j.virol.2018.09.013	Porifera	Demospongiae
30571279	2019	Noncoding RNAs regulating cardiac muscle mass.	Journal of applied physiology (Bethesda, Md. : 1985)	10.1152/japplphysiol.00904.2018	Porifera	Demospongiae
30575330	2019	Knockdown long noncoding RNA nuclear paraspeckle assembly transcript 1 suppresses colorectal cancer through modulating miR-193a-3p/KRAS.	Cancer medicine	10.1002/cam4.1798	Porifera	Demospongiae
30582454	2019	Circ_Lrp6, a Circular RNA Enriched in Vascular Smooth Muscle Cells, Acts as a Sponge Regulating miRNA-145 Function.	Circulation research	10.1161/CIRCRESAHA.118.314240	Porifera	Demospongiae
30587119	2018	Origin and development of oligoadenylate synthetase immune system.	BMC evolutionary biology	10.1186/s12862-018-1315-x	Porifera	Demospongiae
30606673	2019	Harzianoic acids A and B, new natural scaffolds with inhibitory effects against hepatitis C virus.	Bioorganic & medicinal chemistry	10.1016/j.bmc.2018.12.038	Porifera	Demospongiae
30608205	2019	Circular RNA Vav3 sponges gga-miR-375 to promote epithelial-mesenchymal transition.	RNA biology	10.1080/15476286.2018.1564462	Porifera	Demospongiae
30654553	2019	Clerodane Diterpenes from the Marine Sponge 	Marine drugs	10.3390/md17010057	Porifera	Demospongiae
30781052	2006	First Report of Papaya ringspot virus W in Sponge Gourd from India.	Plant disease	10.1094/PD-90-0974B	Porifera	Demospongiae
30812834	2003	First Report of Association of Tomato leaf curl virus-New Delhi with Yellow Mosaic Disease of Luffa cylindrica in India.	Plant disease	10.1094/PDIS.2003.87.9.1148A	Porifera	Demospongiae
30864721	2019	CircRNA‑0044073 is upregulated in atherosclerosis and increases the proliferation and invasion of cells by targeting miR‑107.	Molecular medicine reports	10.3892/mmr.2019.10011	Porifera	Demospongiae
30923232	2019	CircSERPINE2 protects against osteoarthritis by targeting miR-1271 and ETS-related gene.	Annals of the rheumatic diseases	10.1136/annrheumdis-2018-214786	Porifera	Demospongiae
30944299	2019	Inhibition of miR-155 reduces impaired autophagy and improves prognosis in an experimental pancreatitis mouse model.	Cell death & disease	10.1038/s41419-019-1545-x	Porifera	Demospongiae
30946944	2019	Structurally diverse sesquiterpenoids and polyketides from a sponge-associated fungus Aspergillus sydowii SCSIO41301.	Fitoterapia	10.1016/j.fitote.2019.03.031	Porifera	Demospongiae
30966479	2018	Chitosan in Non-Viral Gene Delivery: Role of Structure, Characterization Methods, and Insights in Cancer and Rare Diseases Therapies.	Polymers	10.3390/polym10040444	Porifera	Demospongiae
30978942	2019	Marine Fungi from the Sponge 	Marine drugs	10.3390/md17040220	Porifera	Demospongiae
31020575	2019	Effect of Loss-of-function of the Herpes Simplex Virus-1 microRNA H6-5p on Virus Replication.	Virologica Sinica	10.1007/s12250-019-00111-6	Porifera	Demospongiae
31052279	2019	Azaphilones from the Marine Sponge-Derived Fungus 	Marine drugs	10.3390/md17050260	Porifera	Demospongiae
31283094	2019	Thermal stress modifies the marine sponge virome.	Environmental microbiology reports	10.1111/1758-2229.12782	Porifera	Demospongiae
31326667	2019	Sugar alcohol-based polymeric gene carriers: Synthesis, properties and gene therapy applications.	Acta biomaterialia	10.1016/j.actbio.2019.07.029	Porifera	Demospongiae
31434611	2019	microRNA-579 upregulation mediates death of human macrophages with mycobacterium tuberculosis infection.	Biochemical and biophysical research communications	10.1016/j.bbrc.2019.08.035	Porifera	Demospongiae
31470136	2019	Identification and characterization of novel type of RNAs, circRNAs in crucian carp Carassius auratus gibelio.	Fish & shellfish immunology	10.1016/j.fsi.2019.08.070	Porifera	Demospongiae
31521783	2019	Generation of microRNA-30e-producing recombinant viral hemorrhagic septicemia virus (VHSV) and its effect on in vitro immune responses.	Fish & shellfish immunology	10.1016/j.fsi.2019.09.026	Porifera	Demospongiae
31561965	2019	A Phage Protein Aids Bacterial Symbionts in Eukaryote Immune Evasion.	Cell host & microbe	10.1016/j.chom.2019.08.019	Porifera	Demospongiae
31629820	2020	Analysis of hepatic and retinal cell microRNAome during AAV infection reveals their diverse impact on viral transduction and cellular physiology.	Gene	10.1016/j.gene.2019.144157	Porifera	Demospongiae
31668120	2019	Epstein-Barr virus circRNAome as host miRNA sponge regulates virus infection, cell cycle, and oncogenesis.	Bioengineered	10.1080/21655979.2019.1679698	Porifera	Demospongiae
31754211	2020	LINC01149 variant modulates MICA expression that facilitates hepatitis B virus spontaneous recovery but increases hepatocellular carcinoma risk.	Oncogene	10.1038/s41388-019-1117-7	Porifera	Demospongiae
31922210	2020	Circular RNA cSMARCA5 regulates the progression of cervical cancer by acting as a microRNA‑432 sponge.	Molecular medicine reports	10.3892/mmr.2020.10910	Porifera	Demospongiae
31994855	2020	Effect of Poguntano leaves extract (Picria fel-terrae Merr.) to procalcitonin level in acute bacterial rhinosinusitis model of Wistar mice.	Medicinski glasnik : official publication of the Medical Association of Zenica-Doboj Canton, Bosnia and Herzegovina	10.17392/1091-20	Porifera	Demospongiae
3206091	1988	Efficacy of a vaccinia-rabies glycoprotein recombinant virus vaccine in raccoons (Procyon lotor).	Reviews of infectious diseases	10.1093/clinids/10.supplement_4.s803	Porifera	Demospongiae
32086770	2020	Characterization of Polyurethane Foam Environmental Monitoring Tools for the Recovery and Release of Viruses.	Food and environmental virology	10.1007/s12560-020-09421-5	Porifera	Demospongiae
32115438	2020	dsRNA-seq Reveals Novel RNA Virus and Virus-Like Putative Complete Genome Sequences from Hymeniacidon sp. Sponge.	Microbes and environments	10.1264/jsme2.ME19132	Porifera	Demospongiae
32123705	2020	Metavirome datasets from two endemic Baikal sponges 	Data in brief	10.1016/j.dib.2020.105260	Porifera	Demospongiae
32154165	2020	The Role of microRNAs, Long Non-coding RNAs, and Circular RNAs in Cervical Cancer.	Frontiers in oncology	10.3389/fonc.2020.00150	Porifera	Demospongiae
32157216	2020	HBx/ERα complex-mediated LINC01352 downregulation promotes HBV-related hepatocellular carcinoma via the miR-135b-APC axis.	Oncogene	10.1038/s41388-020-1254-z	Porifera	Demospongiae
32254575	2018	The great escape: how cationic polyplexes overcome the endosomal barrier.	Journal of materials chemistry. B	10.1039/c8tb00967h	Porifera	Demospongiae
32263188	2016	Efficient gene transfection to liver cells via the cellular regulation of a multifunctional polylactitol-based gene transporter.	Journal of materials chemistry. B	10.1039/c5tb01799h	Porifera	Demospongiae
32289204	2020	Chartarlactams Q-T, Dimeric Phenylspirodrimanes with Antibacterial and Antiviral Activities.	Chemistry & biodiversity	10.1002/cbdv.202000170	Porifera	Demospongiae
32289709	2020	A preliminary study of Parkinson's gene therapy via sono-magnetic sensing gene vector for conquering extra/intracellular barriers in mice.	Brain stimulation	10.1016/j.brs.2020.02.024	Porifera	Demospongiae
32392088	2020	The Tumor-Suppressive Human Circular RNA CircITCH Sponges miR-330-5p to Ameliorate Doxorubicin-Induced Cardiotoxicity Through Upregulating SIRT6, Survivin, and SERCA2a.	Circulation research	10.1161/CIRCRESAHA.119.316061	Porifera	Demospongiae
32447061	2021	Biomimetic and bioinspired silicifications: Recent advances for biomaterial design and applications.	Acta biomaterialia	10.1016/j.actbio.2020.05.017	Porifera	Demospongiae
32466614	2020	Production and Purification of Artificial Circular RNA Sponges for Application in Molecular Biology and Medicine.	Methods and protocols	10.3390/mps3020042	Porifera	Demospongiae
32494136	2020	Hepatitis C Virus NS3 Protease and Helicase Inhibitors from Red Sea Sponge (	International journal of nanomedicine	10.2147/IJN.S233766	Porifera	Demospongiae
32550101	2020	Characterization of Tomato leaf curl New Delhi virus associated with leaf curl and yellowing disease of Watermelon and development of LAMP assay for its detection.	3 Biotech	10.1007/s13205-020-02245-x	Porifera	Demospongiae
32605180	2020	CircRNA-006258 Sponge-Adsorbs miR-574-5p to Regulate Cell Growth and Milk Synthesis via EVI5L in Goat Mammary Epithelial Cells.	Genes	10.3390/genes11070718	Porifera	Demospongiae
32624692	2020	Circular RNA Expression Profiles and the Pro-tumorigenic Function of CircRNA_10156 in Hepatitis B Virus-Related Liver Cancer.	International journal of medical sciences	10.7150/ijms.45637	Porifera	Demospongiae
32652136	2020	IFNβ-induced exosomal linc-EPHA6-1 promotes cytotoxicity of NK cells by acting as a ceRNA for hsa-miR-4485-5p to up-regulate NKp46 expression.	Life sciences	10.1016/j.lfs.2020.118064	Porifera	Demospongiae
32679570	2020	Exploring the potential of the recombinant human collagens for biomedical and clinical applications: a short review.	Biomedical materials (Bristol, England)	10.1088/1748-605X/aba6fa	Porifera	Demospongiae
32975695	2021	The development and controversy of competitive endogenous RNA hypothesis in non-coding genes.	Molecular and cellular biochemistry	10.1007/s11010-020-03889-2	Porifera	Demospongiae
33008461	2020	Viral ecogenomics across the Porifera.	Microbiome	10.1186/s40168-020-00919-5	Porifera	Demospongiae
33014896	2020	ERG-Associated lncRNA (ERGAL) Promotes the Stability and Integrity of Vascular Endothelial Barrier During Dengue Viral Infection via Interaction With miR-183-5p.	Frontiers in cellular and infection microbiology	10.3389/fcimb.2020.00477	Porifera	Demospongiae
33037617	2021	Circular RNA CircCDH13 contributes to the pathogenesis of osteoarthritis via CircCDH13/miR-296-3p/PTEN axis.	Journal of cellular physiology	10.1002/jcp.30091	Porifera	Demospongiae
33067530	2020	Hepatocytes trap and silence coxsackieviruses, protecting against systemic disease in mice.	Communications biology	10.1038/s42003-020-01303-7	Porifera	Demospongiae
33071352	2021	Anti-COVID-19 terpenoid from marine sources: A docking, admet and molecular dynamics study.	Journal of molecular structure	10.1016/j.molstruc.2020.129433	Porifera	Demospongiae
33116893	2020	Oncolytic Vaccinia Virus-Mediated Antitumor Effect and Cell Proliferation Were Promoted in PTC by Regulating circRNA_103598/miR-23a-3p/IL-6 Axis.	Cancer management and research	10.2147/CMAR.S273072	Porifera	Demospongiae
33130312	2021	Inhibition of lncRNA Gm15834 Attenuates Autophagy-Mediated Myocardial Hypertrophy via the miR-30b-3p/ULK1 Axis in Mice.	Molecular therapy : the journal of the American Society of Gene Therapy	10.1016/j.ymthe.2020.10.024	Porifera	Demospongiae
33207953	2021	Circular RNA CircMAP3K5 Acts as a MicroRNA-22-3p Sponge to Promote Resolution of Intimal Hyperplasia Via TET2-Mediated Smooth Muscle Cell Differentiation.	Circulation	10.1161/CIRCULATIONAHA.120.049715	Porifera	Demospongiae
33325083	2021	Effective inhibition of miR-330/SHIP1/NF-κB signaling pathway via miR-330 sponge repolarizes microglia differentiation.	Cell biology international	10.1002/cbin.11523	Porifera	Demospongiae
33325600	2021	Detection of environmental contamination with feline and canine parvoviruses: new perspectives and challenges.	Journal of applied microbiology	10.1111/jam.14971	Porifera	Demospongiae
33351532	2021	Brief Report: HIV-1 Seroconversion Is Not Associated With Prolonged Rectal Mucosal Inflammation.	Journal of acquired immune deficiency syndromes (1999)	10.1097/QAI.0000000000002601	Porifera	Demospongiae
33372396	2021	N	IUBMB life	10.1002/iub.2438	Porifera	Demospongiae
33441345	2021	A Highly Conserved Circular RNA circRasGEF1B Enhances Antiviral Immunity by Regulating miR-21-3p/MITA Pathway in Lower Vertebrates.	Journal of virology	10.1128/JVI.02145-20	Porifera	Demospongiae
33465862	2016	Tobacco Mosaic Virus Functionalized Alginate Hydrogel Scaffolds for Bone Regeneration in Rats with Cranial Defect.	ACS biomaterials science & engineering	10.1021/acsbiomaterials.5b00561	Porifera	Demospongiae
33472001	2021	Ascandinines A-D, Indole Diterpenoids, from the Sponge-Derived Fungus 	The Journal of organic chemistry	10.1021/acs.joc.0c02575	Porifera	Demospongiae
33517193	2021	CircRNA_0050463 promotes influenza A virus replication by sponging miR-33b-5p to regulate EEF1A1.	Veterinary microbiology	10.1016/j.vetmic.2021.108995	Porifera	Demospongiae
33548229	2021	Lnc-ORA interacts with microRNA-532-3p and IGF2BP2 to inhibit skeletal muscle myogenesis.	The Journal of biological chemistry	10.1016/j.jbc.2021.100376	Porifera	Demospongiae
33603147	2021	Lifestyle of sponge symbiont phages by host prediction and correlative microscopy.	The ISME journal	10.1038/s41396-021-00900-6	Porifera	Demospongiae
33604175	2021	Taxonomic, functional and expression analysis of viral communities associated with marine sponges.	PeerJ	10.7717/peerj.10715	Porifera	Demospongiae
33664993	2021	circCAMSAP1 promotes osteosarcoma progression and metastasis by sponging miR-145-5p and regulating FLI1 expression.	Molecular therapy. Nucleic acids	10.1016/j.omtn.2020.12.013	Porifera	Demospongiae
33675361	2021	The miRNA: a small but powerful RNA for COVID-19.	Briefings in bioinformatics	10.1093/bib/bbab062	Porifera	Demospongiae
33714261	2021	Circ-RNF13, as an oncogene, regulates malignant progression of HBV-associated hepatocellular carcinoma cells and HBV infection through ceRNA pathway of circ-RNF13/miR-424-5p/TGIF2.	Bosnian journal of basic medical sciences	10.17305/bjbms.2020.5266	Porifera	Demospongiae
33746318	2021	Structural investigations, quantum mechanical studies on proton and metal affinity and biological activity predictions of selpercatinib.	Journal of molecular liquids	10.1016/j.molliq.2020.114765	Porifera	Demospongiae
33803232	2021	The Role of circRNAs in Human Papillomavirus (HPV)-Associated Cancers.	Cancers	10.3390/cancers13051173	Porifera	Demospongiae
33833429	2021	The STING phase-separator suppresses innate immune signalling.	Nature cell biology	10.1038/s41556-021-00659-0	Porifera	Demospongiae
33853526	2021	Development and validation of a 3D printed antiviral ventilator filter - a comparative study.	BMC anesthesiology	10.1186/s12871-021-01310-z	Porifera	Demospongiae
33865032	2021	Long non-coding RNA LINC01003 suppresses the development of multiple myeloma by targeting miR-33a-5p/PIM1 axis.	Leukemia research	10.1016/j.leukres.2021.106565	Porifera	Demospongiae
33875647	2021	Overexpression of circRNA SNRK targets miR-103-3p to reduce apoptosis and promote cardiac repair through GSK3β/β-catenin pathway in rats with myocardial infarction.	Cell death discovery	10.1038/s41420-021-00467-3	Porifera	Demospongiae
33894462	2021	Factors impacting microbial release from environmental monitoring tools.	International journal of food microbiology	10.1016/j.ijfoodmicro.2021.109198	Porifera	Demospongiae
33907833	2021	Interleukin‑6 signalling as a valuable cornerstone for molecular medicine (Review).	International journal of molecular medicine	10.3892/ijmm.2021.4940	Porifera	Demospongiae
33965437	2021	Homoseongomycin, a compound isolated from marine actinomycete bacteria K3-1, is a potent inhibitor of encephalitic alphaviruses.	Antiviral research	10.1016/j.antiviral.2021.105087	Porifera	Demospongiae
33986789	2021	Inhibition of miR-128-3p Attenuated Doxorubicin-Triggered Acute Cardiac Injury in Mice by the Regulation of PPAR-	PPAR research	10.1155/2021/7595374	Porifera	Demospongiae
33986849	2021	Postconditioning attenuates myocardial ischemia-reperfusion injury by inhibiting complement activation and upregulation of miR-499.	Experimental and therapeutic medicine	10.3892/etm.2021.10116	Porifera	Demospongiae
34076278	2021	Circ_0021087 acts as a miR-184 sponge and represses gastric cancer progression by adsorbing miR-184 and elevating FOSB expression.	European journal of clinical investigation	10.1111/eci.13605	Porifera	Demospongiae
34079462	2021	Marine Sponge is a Promising Natural Source of Anti-SARS-CoV-2 Scaffold.	Frontiers in pharmacology	10.3389/fphar.2021.666664	Porifera	Demospongiae
34128329	2021	Unique phage-bacterium interplay in sponge holobionts from the southern Okinawa Trough hydrothermal vent.	Environmental microbiology reports	10.1111/1758-2229.12979	Porifera	Demospongiae
34180127	2021	LncRNA-ATB regulates epithelial-mesenchymal transition progression in pulmonary fibrosis via sponging miR-29b-2-5p and miR-34c-3p.	Journal of cellular and molecular medicine	10.1111/jcmm.16758	Porifera	Demospongiae
34193719	2021	Pyrrolactams from Marine Sponge Stylissa massa Collected from Myanmar and Their Anti-Vpr Activities.	Chemical & pharmaceutical bulletin	10.1248/cpb.c21-00227	Porifera	Demospongiae
34194504	2021	Natural Products with Inhibitory Activity against Human Immunodeficiency Virus Type 1.	Advances in virology	10.1155/2021/5552088	Porifera	Demospongiae
34239356	2021	CircHIPK3 regulates pulmonary fibrosis by facilitating glycolysis in miR-30a-3p/FOXK2-dependent manner.	International journal of biological sciences	10.7150/ijbs.57915	Porifera	Demospongiae
34281396	2021	A Novel Intronic Circular RNA Antagonizes Influenza Virus by Absorbing a microRNA That Degrades CREBBP and Accelerating IFN-β Production.	mBio	10.1128/mBio.01017-21	Porifera	Demospongiae
34338505	2021	Anti-HIV Effects of Baculiferins Are Regulated by the Potential Target Protein DARS.	ACS chemical biology	10.1021/acschembio.1c00148	Porifera	Demospongiae
34341909	2022	MiR155 Disrupts the Intestinal Barrier by Inducing Intestinal Inflammation and Altering the Intestinal Microecology in Severe Acute Pancreatitis.	Digestive diseases and sciences	10.1007/s10620-021-07022-1	Porifera	Demospongiae
34344295	2022	Anti-infective Potential of Manzamine Alkaloids - A Review.	Medicinal chemistry (Shariqah (United Arab Emirates))	10.2174/1573406417666210803101740	Porifera	Demospongiae
34345210	2021	Long noncoding RNA UCA1 regulates HCV replication and antiviral response via miR-145-5p/SOCS7/IFN pathway.	International journal of biological sciences	10.7150/ijbs.59227	Porifera	Demospongiae
34436248	2021	The Anti-Viral Applications of Marine Resources for COVID-19 Treatment: An Overview.	Marine drugs	10.3390/md19080409	Porifera	Demospongiae
34436283	2021	Sponges and Their Symbionts as a Source of Valuable Compounds in Cosmeceutical Field.	Marine drugs	10.3390/md19080444	Porifera	Demospongiae
34539843	2021	LINC00473 exacerbates osteoarthritis development by promoting chondrocyte apoptosis and proinflammatory cytokine production through the miR-424-5p/LY6E axis.	Experimental and therapeutic medicine	10.3892/etm.2021.10682	Porifera	Demospongiae
3464010	1986	Oral immunization and protection of raccoons (Procyon lotor) with a vaccinia-rabies glycoprotein recombinant virus vaccine.	Proceedings of the National Academy of Sciences of the United States of America	10.1073/pnas.83.20.7947	Porifera	Demospongiae
34644206	2021	Delivery of microRNA-21-sponge and pre-microRNA-122 by MS2 virus-like particles to therapeutically target hepatocellular carcinoma cells.	Experimental biology and medicine (Maywood, N.J.)	10.1177/15353702211035689	Porifera	Demospongiae
34720592	2021	Comparative Transcriptome Provides a Systematic Perspective on Epstein-Barr Virus-Associated Gastric Carcinoma Cell Lines.	OncoTargets and therapy	10.2147/OTT.S332513	Porifera	Demospongiae
34730160	2021	A water-soluble membrane for SARS-CoV-2 viral nucleic acid sampling and detection.	Nanoscale	10.1039/d1nr05689a	Porifera	Demospongiae
34776969	2021	Angiogenesis is Inhibited by Arsenic Trioxide Through Downregulation of the CircHIPK3/miR-149-5p/FOXO1/VEGF Functional Module in Rheumatoid Arthritis.	Frontiers in pharmacology	10.3389/fphar.2021.751667	Porifera	Demospongiae
34822482	2021	Ecological and Pharmacological Activities of Polybrominated Diphenyl Ethers (PBDEs) from the Indonesian Marine Sponge 	Marine drugs	10.3390/md19110611	Porifera	Demospongiae
34845461	2021		medRxiv : the preprint server for health sciences	10.1101/2021.11.22.21266713	Porifera	Demospongiae
34928152	2022	Structure-Activity Relationship in the Leucettine Family of Kinase Inhibitors.	Journal of medicinal chemistry	10.1021/acs.jmedchem.1c01141	Porifera	Demospongiae
35034105	2022	Determining the absolute configuration of vanitaracin A, an anti-hepatitis B virus agent.	The Journal of antibiotics	10.1038/s41429-021-00496-1	Porifera	Demospongiae
35054418	2021	An Interplay between Viruses and Bacteria Associated with the White Sea Sponges Revealed by Metagenomics.	Life (Basel, Switzerland)	10.3390/life12010025	Porifera	Demospongiae
35075440	2022	Evaluation of potential miRNA sponge effects of SARS genomes in human.	Non-coding RNA research	10.1016/j.ncrna.2022.01.003	Porifera	Demospongiae
35141166	2021	The circRNA circSIAE Inhibits Replication of Coxsackie Virus B3 by Targeting miR-331-3p and Thousand and One Amino-Acid Kinase 2.	Frontiers in cellular and infection microbiology	10.3389/fcimb.2021.779919	Porifera	Demospongiae
35195151	2022	Bone regeneration of induced pluripotent stem cells derived from peripheral blood cells in collagen sponge scaffolds.	Journal of applied oral science : revista FOB	10.1590/1678-7757-2021-0491	Porifera	Demospongiae
35199873	2022	CircRNA_0008194 functions as a ceRNA to promote invasion of hepatocellular carcinoma via inhibiting miR-190a/AHNAK signaling pathway.	Journal of clinical laboratory analysis	10.1002/jcla.24286	Porifera	Demospongiae
35208935	2022	Metagenomic Assessment of DNA Viral Diversity in Freshwater Sponges, 	Microorganisms	10.3390/microorganisms10020480	Porifera	Demospongiae
35270174	2022	Different Infectivity of Mediterranean and Southern Asian Tomato Leaf Curl New Delhi Virus Isolates in Cucurbit Crops.	Plants (Basel, Switzerland)	10.3390/plants11050704	Porifera	Demospongiae
35425294	2022	NS3 helicase inhibitory potential of the marine sponge 	RSC advances	10.1039/d1ra08321j	Porifera	Demospongiae
35435703	2022	Major Role for Cellular MicroRNAs, Long Noncoding RNAs (lncRNAs), and the Epstein-Barr Virus-Encoded BART lncRNA during Tumor Growth 	mBio	10.1128/mbio.00655-22	Porifera	Demospongiae
35449955	2022		ACS omega	10.1021/acsomega.2c00587	Porifera	Demospongiae
35461273	2022	SARS-COV-2 as potential microRNA sponge in COVID-19 patients.	BMC medical genomics	10.1186/s12920-022-01243-7	Porifera	Demospongiae
35478990	2022	Long Noncoding RNA TFAP2A-AS1 Suppressed Hepatitis B Virus Replication by Modulating miR-933/HDAC11.	Disease markers	10.1155/2022/7733390	Porifera	Demospongiae
35497503	2022	What goes around comes around: Artificial circular RNAs bypass cellular antiviral responses.	Molecular therapy. Nucleic acids	10.1016/j.omtn.2022.04.017	Porifera	Demospongiae
35515150	2020	Ilimaquinone (marine sponge metabolite) as a novel inhibitor of SARS-CoV-2 key target proteins in comparison with suggested COVID-19 drugs: designing, docking and molecular dynamics simulation study.	RSC advances	10.1039/d0ra06379g	Porifera	Demospongiae
35532376	2022	CircUSP36 attenuates ischemic stroke injury through the miR-139-3p/SMAD3/Bcl2 signal axis.	Clinical science (London, England : 1979)	10.1042/CS20220157	Porifera	Demospongiae
35563023	2022	Bioinformatics and Screening of a Circular RNA-microRNA-mRNA Regulatory Network Induced by Coxsackievirus Group B5 in Human Rhabdomyosarcoma Cells.	International journal of molecular sciences	10.3390/ijms23094628	Porifera	Demospongiae
35627397	2022	Sponge Whirl-Pak Sampling Method and Droplet Digital RT-PCR Assay for Monitoring of SARS-CoV-2 on Surfaces in Public and Working Environments.	International journal of environmental research and public health	10.3390/ijerph19105861	Porifera	Demospongiae
35661258	2022	Minority report: small-scale metagenomic analysis of the non-bacterial kitchen sponge microbiota.	Archives of microbiology	10.1007/s00203-022-02969-9	Porifera	Demospongiae
35690296	2022	Reverse relation between cytotoxicity and Polyethylenimine/DNA ratio, the effect of using HEPES-buffered saline (HBS) medium in gene delivery.	Toxicology in vitro : an international journal published in association with BIBRA	10.1016/j.tiv.2022.105414	Porifera	Demospongiae
35794665	2022	Application of bioactive glasses in various dental fields.	Biomaterials research	10.1186/s40824-022-00274-6	Porifera	Demospongiae
35874898	2022	hsa_circ_0000518 Facilitates Non-Small-Cell Lung Cancer Progression via Moderating miR-330-3p and Positively Regulating SLC1A5.	Journal of immunology research	10.1155/2022/4996980	Porifera	Demospongiae
35898441	2022	Non-viral CRISPR activation system targeting VEGF-A and TGF-β1 for enhanced osteogenesis of pre-osteoblasts implanted with dual-crosslinked hydrogel.	Materials today. Bio	10.1016/j.mtbio.2022.100356	Porifera	Demospongiae
3593129	1986	Choanal bleeding due to nasopharyngitis.	Auris, nasus, larynx	10.1016/s0385-8146(86)80013-x	Porifera	Demospongiae
35993042	2022	lncRNA MIR4435-2HG Accelerates the Development of Bladder Cancer through Enhancing IQGAP3 and CDCA5 Expression.	BioMed research international	10.1155/2022/3858249	Porifera	Demospongiae
35997022	2022	Reduced CircSMOC1 Level Promotes Metabolic Reprogramming via PTBP1 (Polypyrimidine Tract-Binding Protein) and miR-329-3p in Pulmonary Arterial Hypertension Rats.	Hypertension (Dallas, Tex. : 1979)	10.1161/HYPERTENSIONAHA.122.19183	Porifera	Demospongiae
36008774	2022	Comparative genome analysis of Vagococcus fluvialis reveals abundance of mobile genetic elements in sponge-isolated strains.	BMC genomics	10.1186/s12864-022-08842-9	Porifera	Demospongiae
36159591	2022	Circular RNA circSFMBT2 downregulation by HBx promotes hepatocellular carcinoma metastasis via the miR-665/TIMP3 axis.	Molecular therapy. Nucleic acids	10.1016/j.omtn.2022.08.008	Porifera	Demospongiae
36194668	2022	miR-181a/b downregulation: a mutation-independent therapeutic approach for inherited retinal diseases.	EMBO molecular medicine	10.15252/emmm.202215941	Porifera	Demospongiae
36202171	2023	CircNf1-mediated CXCL12 expression in the spinal cord contributes to morphine analgesic tolerance.	Brain, behavior, and immunity	10.1016/j.bbi.2022.09.018	Porifera	Demospongiae
36213691	2022	Viral protein revives host cell miRNA function by dampening the circular RNA sponge.	Molecular therapy. Nucleic acids	10.1016/j.omtn.2022.09.003	Porifera	Demospongiae
36238276	2022	3'UTR of SARS-CoV-2 spike gene hijack host miR-296 or miR-520h to disturb cell proliferation and cytokine signaling.	Frontiers in immunology	10.3389/fimmu.2022.924667	Porifera	Demospongiae
36248607	2022	Human Skin Explant Preparation and Culture.	Bio-protocol	10.21769/BioProtoc.4514	Porifera	Demospongiae
36272701	2022	Long non-coding RNA: Multiple effects on the differentiation, maturity and cell function of dendritic cells.	Clinical immunology (Orlando, Fla.)	10.1016/j.clim.2022.109167	Porifera	Demospongiae
36275691	2022	Self-sampling to identify pathogens and inflammatory markers in patients with acute sore throat: Feasibility study.	Frontiers in immunology	10.3389/fimmu.2022.1016181	Porifera	Demospongiae
36338034	2022	CircDDX17 enhances coxsackievirus B3 replication through regulating miR-1248/NOTCH receptor 2 axis.	Frontiers in microbiology	10.3389/fmicb.2022.1012124	Porifera	Demospongiae
36480164	2023	Metabolic reconstruction of the near complete microbiome of the model sponge Ianthella basta.	Environmental microbiology	10.1111/1462-2920.16302	Porifera	Demospongiae
36642018	2023	Structurally various p-terphenyls with neuraminidase inhibitory from a sponge derived fungus Aspergillus sp. SCSIO41315.	Bioorganic chemistry	10.1016/j.bioorg.2023.106357	Porifera	Demospongiae
36719639	2023	Application of Cell Penetrating Peptides as a Promising Drug Carrier to Combat Viral Infections.	Molecular biotechnology	10.1007/s12033-023-00679-1	Porifera	Demospongiae
36827148	2023	Neosuberitenone, a New Sesterterpenoid Carbon Skeleton; New Suberitenones; and Bioactivity against Respiratory Syncytial Virus, from the Antarctic Sponge 	Marine drugs	10.3390/md21020107	Porifera	Demospongiae
36951687	2023	A Tumor-suppressive Molecular Axis EP300/circRERE/miR-6837-3p/MAVS Activates Type I IFN Pathway and Antitumor Immunity to Suppress Colorectal Cancer.	Clinical cancer research : an official journal of the American Association for Cancer Research	10.1158/1078-0432.CCR-22-3836	Porifera	Demospongiae
37014258	2023		Autophagy	10.1080/15548627.2023.2196889	Porifera	Demospongiae
37053191	2023	Mapping CircRNA-miRNA-mRNA regulatory axis identifies hsa_circ_0080942 and hsa_circ_0080135 as a potential theranostic agents for SARS-CoV-2 infection.	PloS one	10.1371/journal.pone.0283589	Porifera	Demospongiae
37296319	2023	Metabolomic profiling and biological evaluations of Spongia irregularis-associated actinomycetes supported by multivariate statistical analysis.	Journal of applied microbiology	10.1093/jambio/lxad120	Porifera	Demospongiae
37331627	2023	Development and Assessment of Acyclovir Gel Plaster Containing Sponge Spicules.	Journal of pharmaceutical sciences	10.1016/j.xphs.2023.06.008	Porifera	Demospongiae
37382490	2023	Sampling and recovery of infectious SARS-CoV-2 from high-touch surfaces by sponge stick and macrofoam swab.	Journal of occupational and environmental hygiene	10.1080/15459624.2023.2231516	Porifera	Demospongiae
37645711	2023	Lowering hippocampal miR-29a expression slows cognitive decline and reduces beta-amyloid deposition in 5xFAD mice.	Research square	10.21203/rs.3.rs-3235257/v1	Porifera	Demospongiae
3765597	1986	Phase II trial of beta-all-trans-retinoic acid for cervical intraepithelial neoplasia delivered via a collagen sponge and cervical cap.	The Western journal of medicine		Porifera	Demospongiae
37688923	2023	Emergence of yellowing disease in cucurbitaceous vegetables caused by Crinivirus and Polerovirus in India.	Virology	10.1016/j.virol.2023.109876	Porifera	Demospongiae
37715558	2025	Transcriptomic response of Cinachyrella cf. cavernosa sponges to spatial competition.	Molecular ecology	10.1111/mec.17122	Porifera	Demospongiae
37751402	2023	Cytoplasm Hydrogelation-Mediated Cardiomyocyte Sponge Alleviated Coxsackievirus B3 Infection.	Nano letters	10.1021/acs.nanolett.3c01983	Porifera	Demospongiae
37793428	2024	Marine Sponge-Derived Secondary Metabolites Modulate SARS-CoV-2 Entry Mechanisms.	Hormone and metabolic research = Hormon- und Stoffwechselforschung = Hormones et metabolisme	10.1055/a-2173-0277	Porifera	Demospongiae
37896855	2023	Detection of Selected Equine Respiratory Pathogens in Stall Samples Collected at a Multi-Week Equestrian Show during the Winter Months.	Viruses	10.3390/v15102078	Porifera	Demospongiae
37933448	2025	Two new Aspera chaetominines A and B, and a new derivative of terrein, isolated from marine sponge associated fungus 	Natural product research	10.1080/14786419.2023.2275744	Porifera	Demospongiae
37950151	2023	Circular RNA ZNF800 (hsa_circ_0082096) regulates cancer stem cell properties and tumor growth in colorectal cancer.	BMC cancer	10.1186/s12885-023-11571-1	Porifera	Demospongiae
37974926	2023	Bioprospecting of unexplored halophilic actinobacteria against human infectious pathogens.	3 Biotech	10.1007/s13205-023-03812-8	Porifera	Demospongiae
37989983	2024	Lowering Hippocampal miR-29a Expression Slows Cognitive Decline and Reduces Beta-Amyloid Deposition in 5×FAD Mice.	Molecular neurobiology	10.1007/s12035-023-03791-0	Porifera	Demospongiae
38144384	2023		Tropical life sciences research	10.21315/tlsr2023.34.2.15	Porifera	Demospongiae
38251668	2024	RNA-Seq and miRNA-Seq data from Epstein-Barr virus-infected tree shrews reveal a ceRNA network contributing to immune microenvironment regulation.	Virulence	10.1080/21505594.2024.2306795	Porifera	Demospongiae
38266777	2024	CircPTK2 may be associated with depressive-like behaviors by influencing miR-182-5p.	Behavioural brain research	10.1016/j.bbr.2024.114870	Porifera	Demospongiae
38266848	2024	Exploring modified chitosan-based gene delivery technologies for therapeutic advancements.	International journal of biological macromolecules	10.1016/j.ijbiomac.2024.129581	Porifera	Demospongiae
38387624	2024	Marine Ascomycetes Extract Antifungal Susceptibility against Candida spp. Isolates from Oral Candidiasis HIV/AIDS Patient: An In Vitro Study.	European journal of dentistry	10.1055/s-0043-1768466	Porifera	Demospongiae
38402723	2024	PEI, a new transfection method, augments the inhibitory effect of RBM5 on prostate cancer.	Biochemical and biophysical research communications	10.1016/j.bbrc.2024.149703	Porifera	Demospongiae
38526199	2025	Antiviral and cytotoxic indole diterpenoids from the antarctic sponge-derived fungus 	Natural product research	10.1080/14786419.2024.2333050	Porifera	Demospongiae
38528779	2024	The long noncoding RNA loc107053557 acts as a gga-miR-3530-5p sponge to suppress the replication of vvIBDV through regulating STAT1 expression.	Virulence	10.1080/21505594.2024.2333237	Porifera	Demospongiae
38561238	2024	Acremosides A-G, Sugar Alcohol-Conjugated Acyclic Sesquiterpenes from a Sponge-Derived 	Journal of natural products	10.1021/acs.jnatprod.4c00015	Porifera	Demospongiae
38564767	2024	On-The-Spot Sampling and Detection of Viral Particles on Solid Surfaces Using a Sponge Virus Sensor Incorporated with Finger-Press Fluid Release.	ACS sensors	10.1021/acssensors.3c02766	Porifera	Demospongiae
38581048	2024	circRNA_8521 promotes Senecavirus A infection by sponging miRNA-324 to regulate LC3A.	Veterinary research	10.1186/s13567-024-01291-0	Porifera	Demospongiae
38622913	2024	LncRNA NEAT1 in the pathogenesis of liver-related diseases.	Cell biochemistry and function	10.1002/cbf.4006	Porifera	Demospongiae
38721333	2024	Identification of new stable resistant sources and assessing agro-morphological performance of sponge gourd germplasm against 	Frontiers in plant science	10.3389/fpls.2024.1373352	Porifera	Demospongiae
38752887	2024	Suberitolactams A-D and Suberitopyridines A-B: New γ-lactam and Pyridine Alkaloids Isolated from the South China Sea Sponge Pseudospongosorites suberitoides.	Chemistry & biodiversity	10.1002/cbdv.202400939	Porifera	Demospongiae
38776942	2024	Onnamide A suppresses the severe acute respiratory syndrome-coronavirus 2 infection without inhibiting 3-chymotrypsin-like cysteine protease.	Journal of biochemistry	10.1093/jb/mvae037	Porifera	Demospongiae
38786611	2024	Antiviral Shrimp lncRNA06 Possesses Anti-Tumor Activity by Inducing Apoptosis of Human Gastric Cancer Stem Cells in a Cross-Species Manner.	Marine drugs	10.3390/md22050221	Porifera	Demospongiae
38794330	2024	Swelling, Rupture and Endosomal Escape of Biological Nanoparticles Per Se and Those Fused with Liposomes in Acidic Environment.	Pharmaceutics	10.3390/pharmaceutics16050667	Porifera	Demospongiae
38844490	2024	PDZ2-conjugated-PLGA nanoparticles are tiny heroes in the battle against SARS-CoV-2.	Scientific reports	10.1038/s41598-024-63239-w	Porifera	Demospongiae
38875000	2024	microRNA-guided immunity against respiratory virus infection in human and mouse lung cells.	Biology open	10.1242/bio.060172	Porifera	Demospongiae
38939051	2024	A novel multitargeted self-assembling peptide-siRNA complex for simultaneous inhibition of SARS-CoV-2-host cell interaction and replication.	Molecular therapy. Nucleic acids	10.1016/j.omtn.2024.102227	Porifera	Demospongiae
38940585	2024	The pseudogene GBP1P1 suppresses influenza A virus replication by acting as a protein decoy for DHX9.	Journal of virology	10.1128/jvi.00738-24	Porifera	Demospongiae
38981875	2024	Complete genome sequence of a novel amalgavirus in sponge gourd, Luffa cylindrica.	Archives of virology	10.1007/s00705-024-06094-4	Porifera	Demospongiae
39018195	2024	A ~40-kb flavi-like virus does not encode a known error-correcting mechanism.	Proceedings of the National Academy of Sciences of the United States of America	10.1073/pnas.2403805121	Porifera	Demospongiae
39020456	2024	Nanoparticle-Patch System for Localized, Effective, and Sustained miRNA Administration into Infarcted Myocardium to Alleviate Myocardial Ischemia-Reperfusion Injury.	ACS nano	10.1021/acsnano.3c08811	Porifera	Demospongiae
39091398	2024	Development and optimization of sampling techniques for environmental samples from African swine fever virus-contaminated surfaces with no organic contaminants.	Frontiers in veterinary science	10.3389/fvets.2024.1425928	Porifera	Demospongiae
39158697	2025	Cardioprotection of voluntary exercise against breast cancer-induced cardiac injury via STAT3.	Basic research in cardiology	10.1007/s00395-024-01076-8	Porifera	Demospongiae
39294150	2024	Decoupling of strain- and intrastrain-level interactions of microbiomes in a sponge holobiont.	Nature communications	10.1038/s41467-024-52464-6	Porifera	Demospongiae
39340098	2024	Adjuvant Use of the Invariant-Natural-Killer-T-Cell Agonist α-Galactosylceramide Leads to Vaccine-Associated Enhanced Respiratory Disease in Influenza-Vaccinated Pigs.	Vaccines	10.3390/vaccines12091068	Porifera	Demospongiae
39375020	2024	Simple Porifera holobiont reveals complex interactions between the host, an archaeon, a bacterium, and a phage.	The ISME journal	10.1093/ismejo/wrae197	Porifera	Demospongiae
39398060	2024	LncRNA Pvt1 aggravates cardiomyocyte apoptosis via the microRNA-216/Ccnd3 axis.	Heliyon	10.1016/j.heliyon.2024.e38261	Porifera	Demospongiae
39409878	2024	Human Papilloma Virus (HPV) Detection in Oral Rinse vs. Oral Sponge: A Preliminary Accuracy Report in Oral Cancer Patients.	Cancers	10.3390/cancers16193256	Porifera	Demospongiae
39566824	2025	CDR1as Deficiency Prevents Photoreceptor Degeneration by Regulating miR-7a-5p/α-syn/Parthanatos Pathway in Retinal Detachment.	The American journal of pathology	10.1016/j.ajpath.2024.10.015	Porifera	Demospongiae
39593141	2024	Phage-induced disturbance of a marine sponge microbiome.	Environmental microbiome	10.1186/s40793-024-00637-7	Porifera	Demospongiae
39599862	2024	Characterizing Host microRNA: Virus Interactions of 	Viruses	10.3390/v16111748	Porifera	Demospongiae
39728126	2024	New Sesterterpenes from the Antarctic Sponge 	Marine drugs	10.3390/md22120551	Porifera	Demospongiae
39773124	2024	Unveiling the potential of Hamigeran-B from marine sponges as a probable inhibitor of Nipah virus RDRP through molecular modelling and dynamics simulation studies.	SAR and QSAR in environmental research	10.1080/1062936X.2024.2446353	Porifera	Demospongiae
39803557	2024	A widespread family of viral sponge proteins reveals specific inhibition of nucleotide signals in anti-phage defense.	bioRxiv : the preprint server for biology	10.1101/2024.12.30.630793	Porifera	Demospongiae
39842735	2025	PDGFR-α shRNA encoded nanoparticle with epithelial mesenchymal transformation interfering for corneal scarring treatment.	International journal of pharmaceutics	10.1016/j.ijpharm.2025.125249	Porifera	Demospongiae
39850418	2025	Identification of RAD51AP1 as a key gene in hepatitis B virus-associated hepatocellular carcinoma.	Heliyon	10.1016/j.heliyon.2024.e41594	Porifera	Demospongiae
39884328	2025	Hepatitis B Virus X Protein promotes VWF-mediated HCC progression through ST8SIA6-AS1/miR-3150b-3p/ASCL1 axis.	European journal of pharmacology	10.1016/j.ejphar.2025.177315	Porifera	Demospongiae
39895864	2025	Unveiling MiR-3085-3p as a modulator of cartilage degeneration in facet joint osteoarthritis: A novel therapeutic target.	Journal of orthopaedic translation	10.1016/j.jot.2024.11.007	Porifera	Demospongiae
39987600	2025	Circular RNA Vav3 mediated ALV-J inhibition of autophagy by modulating the gga-miR-375/CIP2A axis and activating AKT.	Poultry science	10.1016/j.psj.2025.104923	Porifera	Demospongiae
40137294	2025	The Polybrominated Diphenyl Ether Bromoxib Disrupts Nuclear Import and Export by Affecting Nucleoporins of the Nuclear Pore Complex.	Marine drugs	10.3390/md23030108	Porifera	Demospongiae
4018309	1985	[An epidemiological study of subacute thyroiditis in northern Japan].	Nihon Naibunpi Gakkai zasshi	10.1507/endocrine1927.61.5_554	Porifera	Demospongiae
40191465	2025		Rheumatology and immunology research	10.1515/rir-2025-0002	Porifera	Demospongiae
40196609	2025	A minimal CRISPR polymerase produces decoy cyclic nucleotides to detect phage anti-defense proteins.	bioRxiv : the preprint server for biology	10.1101/2025.03.28.646047	Porifera	Demospongiae
40216011	2025	CircBRWD1 promotes hepatitis B virus replication and hepatocellular carcinoma progression by regulating the miR-513a-5p/TNPO1 axis.	Experimental cell research	10.1016/j.yexcr.2025.114554	Porifera	Demospongiae
40303020	2024	Improved African Swine Fever Detection for Environmental Samples in the Presence of Organic Contaminants.	Transboundary and emerging diseases	10.1155/tbed/8841168	Porifera	Demospongiae
40306111	2025	Hsa_circ_0008085 acts as a miR-146a-5p sponge to suppress influenza a virus replication via modulating of TRAF6.	International immunopharmacology	10.1016/j.intimp.2025.114743	Porifera	Demospongiae
40313938	2025	Sequestering survival: sponge-like proteins in phage evasion of bacterial immune defenses.	Frontiers in immunology	10.3389/fimmu.2025.1545308	Porifera	Demospongiae
40399889	2025	Diagnostic accuracy of non-invasive SARS-CoV-2 screening tests: a national prospective analysis.	BMC infectious diseases	10.1186/s12879-025-11088-x	Porifera	Demospongiae
40412122	2025	Stimuli-responsive peptide nanocarriers for tumor-specific CRISPR/Cas9 delivery and precision genome editing.	Journal of colloid and interface science	10.1016/j.jcis.2025.137932	Porifera	Demospongiae
40454915	2025	pH-Dependent Structural Changes in Polyethyleneimine Affect its Gene Transfection Efficiency.	Small (Weinheim an der Bergstrasse, Germany)	10.1002/smll.202411293	Porifera	Demospongiae
40566711	2025	[Local overexpression of miR-429 sponge in subcutaneous white adipose tissue improves obesity and related metabolic disorders].	Sheng li xue bao : [Acta physiologica Sinica]	10.13294/j.aps.2025.0039	Porifera	Demospongiae
40675355	2025	Targeting the miR-493-5p/OTUB1 axis to mitigate mitochondrial dysfunction in diabetic cardiomyopathy.	European journal of pharmacology	10.1016/j.ejphar.2025.177956	Porifera	Demospongiae
40784424	2025	Neuroprotection effect of HSV-1 LAT-derived miR-H2 and miR-H3 associated with Tau and alpha-synuclein downregulation.	Brain research bulletin	10.1016/j.brainresbull.2025.111506	Porifera	Demospongiae
40830518	2025	Expression of endogenous Anopheles gambiae microRNAs using an Anopheles gambiae densovirus (AgDNV) intronic expression system.	Parasites & vectors	10.1186/s13071-025-06994-7	Porifera	Demospongiae
40845805	2025	A widespread family of viral sponge proteins reveals specific inhibition of nucleotide signals in anti-phage defense.	Molecular cell	10.1016/j.molcel.2025.07.016	Porifera	Demospongiae
40950589	2025	Survival strategies for the microbiome in a vent-dwelling glass sponge from the middle Okinawa Trough.	Frontiers in microbiology	10.3389/fmicb.2025.1636046	Porifera	Demospongiae
41034579	2025	The Panoptes system uses decoy cyclic nucleotides to defend against phage.	Nature	10.1038/s41586-025-09557-z	Porifera	Demospongiae
41101018	2025	CircLSM14A regulates PEDV replication via the miR-27b-5p/HMGB1 axis.	Veterinary microbiology	10.1016/j.vetmic.2025.110762	Porifera	Demospongiae
41265597	2025	Circular RNA circPTPN3 facilitates duck hepatitis A virus type 3 (DHAV-3) infection by reducing miR-130b-5p function in duck.	International journal of biological macromolecules	10.1016/j.ijbiomac.2025.149132	Porifera	Demospongiae
41322359	2025	Adeno-associated virus-miR-128-3p sponge regulates breast muscle growth and intramuscular fat content in chickens.	Food chemistry. Molecular sciences	10.1016/j.fochms.2025.100325	Porifera	Demospongiae
41362724	2026	Circular RNA circPLXNC1 functions as an inhibitor of senescence by regulating autophagy in osteoarthritis.	International journal of biological sciences	10.7150/ijbs.114757	Porifera	Demospongiae
41453424	2026	Rapidly dissolving biomaterials for high-efficiency viral transduction.	Acta biomaterialia	10.1016/j.actbio.2025.12.047	Porifera	Demospongiae
41461919	2025	Analysis of mucosal immune dysregulation and safety and tolerability of endoscopic topical steroid therapy for long-COVID hyposmia: randomized, double-blinded pilot study.	Communications medicine	10.1038/s43856-025-01322-7	Porifera	Demospongiae
41520563	2026	Fibroblast circSamd4 promotes cardiac fibrosis via activating plasminogen activator inhibitor-1.	Redox biology	10.1016/j.redox.2026.104018	Porifera	Demospongiae
41539647	2026	Energy production is suppressed by vcircRNA_000048- bom-miR-2753-METTL20 regulatory axis in the BmCPV-infected silkworm, Bombyx mori.	Insect biochemistry and molecular biology	10.1016/j.ibmb.2026.104496	Porifera	Demospongiae
41545751	2026	MicroRNA-129-5p in the mPFC is involved in the chronic mild stress-induced depression-like behaviors in rats.	Acta pharmacologica Sinica	10.1038/s41401-025-01708-2	Porifera	Demospongiae
41581695	2026	CircTHBS1 aggravates peritoneal fibrosis by sponging miR-18a-5p and interacting with CTGF.	The international journal of biochemistry & cell biology	10.1016/j.biocel.2026.106907	Porifera	Demospongiae
41590717	2026	Onnamides A and B Suppress Hepatitis B Virus Transcription by Inhibiting Viral Promoter Activity.	Marine drugs	10.3390/md24010021	Porifera	Demospongiae
41599191	2026	Rewriting Tumor Entry Rules: Microfluidic Polyplexes and Tumor-Penetrating Strategies-A Literature Review.	Pharmaceutics	10.3390/pharmaceutics18010084	Porifera	Demospongiae
41648461	2026	Hydrodynamic dispersion drives viral-cellular contact for gene delivery in porous media.	bioRxiv : the preprint server for biology	10.64898/2026.01.15.699726	Porifera	Demospongiae
41710890	2026	NOD-like receptor repertoire in the chromosome-level genome of the demosponge 	Frontiers in immunology	10.3389/fimmu.2026.1725140	Porifera	Demospongiae
41745473	2026	Marine-Derived Defenses Against HIV: Emerging Bioactive Molecules from the Seas.	Marine drugs	10.3390/md24020070	Porifera	Demospongiae
41794666	2026	Clinical significance and mechanistic study of SOX2-OT and miR-27b-3p expression in children with viral myocarditis.	BMC pediatrics	10.1186/s12887-026-06692-y	Porifera	Demospongiae
41961901	2026	A Review on Medicinal Chemistry and Biological Activity of Dihydropyrimidinones Against HIV.	Archiv der Pharmazie	10.1002/ardp.70238	Porifera	Demospongiae
41990467	2026	Inhibition of miR-320 alleviates hepatic steatosis and dyslipidemia via suppressing the transcription of APOE in MASLD.	Biomedicine & pharmacotherapy = Biomedecine & pharmacotherapie	10.1016/j.biopha.2026.119369	Porifera	Demospongiae
42017140	2026	Genome-wide characterization of NBS-encoding genes in 	Frontiers in genetics	10.3389/fgene.2026.1784002	Porifera	Demospongiae
42074558	2026	lncRNA-803 Suppresses Apoptosis in DF-1 Cells via the miR-6555-3p/MDM4/p53 Axis.	Genes	10.3390/genes17040440	Porifera	Demospongiae
42103722	2026	Host serum-circulating flavivirus NS1 co-opts mosquito miRNA processing to suppress early immune defense.	Nature communications	10.1038/s41467-026-72631-1	Porifera	Demospongiae
6274826	1981	[Detection of papilloma virus in Heck's focal epithelial hyperplasia and the differential diagnosis of white-sponge nevus].	Der Hautarzt; Zeitschrift fur Dermatologie, Venerologie, und verwandte Gebiete		Porifera	Demospongiae
6308379	1983	Experimental non-A, non-B hepatitis in chimpanzees: light, electron and immune microscopical observations.	Liver	10.1111/j.1600-0676.1983.tb00857.x	Porifera	Demospongiae
6311912	1983	Impaired migratory and chemotactic activity of neutrophils during murine cytomegalovirus infection.	The Journal of infectious diseases	10.1093/infdis/148.3.518	Porifera	Demospongiae
6330536	1984	Cellular src gene product detected in the freshwater sponge Spongilla lacustris.	Molecular and cellular biology	10.1128/mcb.4.6.1179-1181.1984	Porifera	Demospongiae
7055792	1982	Tumor sponge implantation: an in vivo method for studying syngeneic, primary antitumor lymphocyte responses.	Cancer research		Porifera	Demospongiae
7488536	1995	Risk of acquiring AIDS from salivary exchange through cardiopulmonary resuscitation courses and mouth-to-mouth resuscitation.	Seminars in dermatology	10.1016/s1085-5629(05)80020-3	Porifera	Demospongiae
7510786	1993	Hexaprenoid hydroquinones, novel inhibitors of the reverse transcriptase of human immunodeficiency virus type 1.	Journal of natural products	10.1021/np50102a014	Porifera	Demospongiae
7510944	1994	3,5,8-Trihydroxy-4-quinolone, a novel natural inhibitor of the reverse transcriptases of human immunodeficiency viruses type 1 and type 2.	Archives of biochemistry and biophysics	10.1006/abbi.1994.1119	Porifera	Demospongiae
7532006	1995	Mechanism of inhibition of HIV reverse transcriptase by toxiusol, a novel general inhibitor of retroviral and cellular DNA polymerases.	Biochemistry	10.1021/bi00007a021	Porifera	Demospongiae
7688380	1993	Spermicidal and antiviral properties of cholic acid: contraceptive efficacy of a new vaginal sponge (Protectaid) containing sodium cholate.	Human reproduction (Oxford, England)	10.1093/oxfordjournals.humrep.a138156	Porifera	Demospongiae
7796900	1995	Combined use of condoms with other contraceptive methods among inner-city Baltimore women.	Family planning perspectives		Porifera	Demospongiae
7848210	1994	Contraceptives of the future in the light of HIV infection.	The Australian & New Zealand journal of obstetrics & gynaecology	10.1111/j.1479-828x.1994.tb01083.x	Porifera	Demospongiae
8033980	1994	Comparative contraceptive efficacy of the female condom and other barrier methods.	Family planning perspectives		Porifera	Demospongiae
8294586	1994	Pseudo oral hairy leukoplakia in a renal allograft recipient.	Journal of the American Academy of Dermatology	10.1016/s0190-9622(94)70027-3	Porifera	Demospongiae
8340060	1993	Partial splenic embolization for the treatment of hypersplenism in cirrhosis.	Hepatology (Baltimore, Md.)		Porifera	Demospongiae
8878222	1996	Salivary testing for human immunodeficiency virus type 1 infection in children born to infected mothers in Sao Paulo, Brazil. The Sao Paulo Collaborative Study for Vertical Transmission of HIV-1.	The Pediatric infectious disease journal	10.1097/00006454-199609000-00010	Porifera	Demospongiae
9033887	1996	[Non-penetrating deep sclerectomy combined with a collagen implant in primary open-angle glaucoma. Medium-term retrospective results].	Journal francais d'ophtalmologie		Porifera	Demospongiae
9112177	1996	Non-penetrating deep sclerectomy (NPDS) with or without collagen device (CD) in primary open-angle glaucoma: middle-term retrospective study.	International ophthalmology	10.1007/BF00212959	Porifera	Demospongiae
9128723	1997	Isolation and characterization of niphatevirin, a human-immunodeficiency-virus-inhibitory glycoprotein from the marine sponge Niphates erecta.	European journal of biochemistry	10.1111/j.1432-1033.1997.t01-1-00047.x	Porifera	Demospongiae
9210394	1997	Mode of inhibition of HIV reverse transcriptase by 2-hexaprenylhydroquinone, a novel general inhibitor of RNA-and DNA-directed DNA polymerases.	The Biochemical journal	10.1042/bj3240721	Porifera	Demospongiae
9238301	1997	Anti-STD vaginal contraceptive sponges.	Annals of the New York Academy of Sciences	10.1111/j.1749-6632.1997.tb52175.x	Porifera	Demospongiae
9424852	1997	[Methodical principles for testing tableted viral preparations].	Voprosy virusologii		Porifera	Demospongiae
9524992	1998	Do spermicides containing nonoxynol-9 prevent sexually transmitted infections? A meta-analysis.	Sexually transmitted diseases	10.1097/00007435-199803000-00007	Porifera	Demospongiae
9623926	1998	A comparison of oral fluid and serum for the detection of rubella-specific antibodies in a community study in Addis Ababa, Ethiopia.	Tropical medicine & international health : TM & IH	10.1046/j.1365-3156.1998.00227.x	Porifera	Demospongiae
9684871	1998	Isolation and characterization of adociavirin, a novel HIV-inhibitory protein from the sponge Adocia sp.	FEBS letters	10.1016/s0014-5793(98)00736-4	Porifera	Demospongiae
9696013	1998	Effect of tumor necrosis factor alpha and intercellular adhesion molecule-1 expression on immunogenicity of murine liver cells in mice.	Hepatology (Baltimore, Md.)	10.1002/hep.510280226	Porifera	Demospongiae
9774985	1995	[Survey of disease of cultural shrimp in Taiwan].	Zhonghua Minguo wei sheng wu ji mian yi xue za zhi = Chinese journal of microbiology and immunology		Porifera	Malacostraca
9810704	1998	Establishment and characterization of osteoblast-like cell lines from retrovirus (RFB MuLV)-induced osteomas in mice.	Differentiation; research in biological diversity	10.1046/j.1432-0436.1998.6350253.x	Porifera	Demospongiae
